SITE ID,datetime,t+1,t+2,t+3,t+4,t+5,t+6,t+7,t+8,t+9,t+10,t+11,t+12,t+13,t+14,t+15,t+16,t+17,t+18,t+19,t+20,t+21,t+22,t+23,t+24,t+25,t+26,t+27,t+28,t+29,t+30,t+31,t+32,t+33,t+34,t+35,t+36,t+37,t+38,t+39,t+40,t+41,t+42,t+43,t+44,t+45,t+46,t+47,t+48,t+49,t+50,t+51,t+52,t+53,t+54,t+55,t+56,t+57,t+58,t+59,t+60,t+61,t+62,t+63,t+64,t+65,t+66,t+67,t+68,t+69,t+70,t+71,t+72
EPA001,2019-04-21 08:00:00,11.04040431976318,10.58830261230469,11.27892398834229,10.85482692718506,10.49046897888184,10.79885673522949,11.47049808502197,11.94223403930664,12.65953350067139,13.91096687316895,15.62746047973633,16.49888610839844,17.28812026977539,18.40457344055176,19.10190773010254,20.99042320251465,21.06747245788574,22.53567886352539,22.68729400634766,23.04792213439941,23.84779739379883,24.92450141906738,26.51539993286133,26.56829643249512,25.98947715759277,26.05189895629883,23.59086990356445,21.73673439025879,19.5307502746582,18.40067863464355,17.13182830810547,16.0561580657959,16.98182487487793,17.50063133239746,18.86526298522949,19.6042594909668,20.16338920593262,20.96097373962402,20.63685035705566,20.93418502807617,20.63255500793457,19.47974014282227,18.50366973876953,18.64058494567871,18.42024803161621,18.85149002075195,19.19330406188965,18.14095878601074,16.12223815917969,14.14923095703125,14.55437850952148,13.85698127746582,13.40333271026611,13.53449535369873,12.57736778259277,12.28391551971436,12.49305152893066,13.7787618637085,13.7427978515625,14.08789825439453,14.10820293426514,13.98040962219238,13.83367252349854,14.25471496582031,13.2593879699707,13.46551895141602,13.17913627624512,12.62899971008301,12.67185497283936,14.14713287353516,13.64290809631348,13.13984298706055
EPA002,2019-04-21 08:00:00,10.40999317169189,11.47589874267578,12.65911102294922,12.33394718170166,12.50722408294678,12.7985897064209,12.58694934844971,13.08946514129639,13.54003238677979,14.76063251495361,15.59891414642334,16.65914344787598,17.48498725891113,18.00160789489746,18.64506340026855,19.69441413879395,20.1597843170166,20.65822219848633,20.73569488525391,20.4862117767334,20.65702629089355,21.63826179504395,23.23569297790527,24.0909538269043,23.8143138885498,23.62226867675781,22.2056713104248,20.76467323303223,19.17129325866699,18.36794281005859,17.83115386962891,17.72552680969238,17.30516815185547,18.29834938049316,19.17977142333984,20.09075736999512,20.6217212677002,21.32760047912598,22.37665176391602,22.70689964294434,23.21711540222168,23.53069877624512,23.02036285400391,23.88611030578613,24.15476608276367,25.26919555664062,27.28558540344238,28.2971248626709,28.81907653808594,27.63623046875,26.67475891113281,24.15747833251953,21.39973831176758,19.79275894165039,18.49628829956055,17.8373908996582,18.18310356140137,19.42325401306152,20.58801460266113,22.31182670593262,23.40876197814941,24.6179084777832,25.67413139343262,27.01490211486816,27.07107734680176,27.62991523742676,28.17282867431641,27.97043037414551,27.95016479492188,29.3440055847168,30.82887649536133,31.77667808532715
EPA003,2019-04-21 08:00:00,14.89057922363281,14.80984401702881,15.26375675201416,14.74523258209229,14.56242847442627,14.95303630828857,15.23039627075195,15.62663459777832,16.00062370300293,16.01782989501953,15.46310520172119,15.05617332458496,14.32759380340576,13.70707511901855,12.97647953033447,12.69618320465088,12.4192476272583,12.5561351776123,12.05786037445068,12.20383548736572,12.21193885803223,12.91185855865479,14.12056350708008,14.10742664337158,13.65136909484863,14.0819206237793,13.0767650604248,11.6190710067749,10.73133945465088,9.728315353393555,8.262930870056152,7.537933826446533,6.740494728088379,6.32814884185791,6.577569961547852,6.560183525085449,6.249383449554443,6.677443981170654,7.457566261291504,7.78774881362915,7.774696826934814,7.746114253997803,7.931128025054932,8.68169116973877,9.245964050292969,10.32458019256592,12.28453350067139,13.37372970581055,14.75262546539307,15.26123142242432,16.24880599975586,16.29178619384766,16.04538726806641,16.19363784790039,15.77373313903809,15.75118827819824,16.06523513793945,16.94640922546387,16.78930473327637,17.1136589050293,16.7703800201416,16.84711074829102,16.81484794616699,16.63701438903809,16.39709281921387,16.92978096008301,17.34809112548828,17.25653648376465,17.5841121673584,18.79438591003418,19.52765655517578,20.1282844543457
EPA004,2019-04-21 08:00:00,9.923686027526855,11.70002269744873,13.46747589111328,13.72194480895996,13.50508975982666,13.90636539459229,12.84110927581787,13.00673961639404,13.64352321624756,14.5514440536499,15.40616130828857,15.94182205200195,15.84753513336182,15.30349731445312,14.38046741485596,13.85266876220703,13.351881980896,13.00820064544678,12.13190746307373,11.64002227783203,11.78000068664551,11.96071338653564,13.9544849395752,16.75690078735352,19.14213180541992,20.0936279296875,18.88839149475098,17.28829574584961,16.16788101196289,14.88377285003662,13.36237621307373,12.36927318572998,12.26921081542969,12.10811996459961,12.20975208282471,11.7983922958374,10.97722721099854,10.26535892486572,9.427714347839355,8.84809398651123,8.681002616882324,8.208160400390625,7.607219696044922,7.745599269866943,7.750558376312256,8.602256774902344,10.34891510009766,12.08158111572266,13.86532211303711,13.83896541595459,14.1583137512207,13.75112342834473,13.78926372528076,13.96933460235596,13.78405380249023,14.38045024871826,15.42394161224365,16.99110412597656,17.89865112304688,18.58879661560059,18.10926818847656,18.6032600402832,18.32301330566406,18.47775459289551,18.12777709960938,17.31689453125,17.84162521362305,17.06342124938965,17.28569412231445,18.13350105285645,19.0439567565918,20.87329292297363
EPA005,2019-04-21 08:00:00,13.8449535369873,15.35869979858398,17.03950691223145,17.28083992004395,17.49168586730957,18.36426162719727,18.17139053344727,18.81707763671875,19.90421104431152,21.3134822845459,22.49955749511719,23.42363929748535,23.49754524230957,23.36618995666504,22.65356254577637,22.31139183044434,21.75885963439941,21.75717163085938,21.01683044433594,20.83615684509277,20.72298812866211,20.99932479858398,22.93680763244629,25.27389717102051,26.86423683166504,27.0639762878418,24.82413101196289,22.32185935974121,20.1184024810791,18.25229454040527,16.18489074707031,14.60378932952881,14.40598106384277,14.25620746612549,14.57147693634033,14.21512889862061,13.45757007598877,12.95662307739258,12.28678035736084,11.79627990722656,11.62539100646973,10.88403415679932,10.12216854095459,10.25062561035156,10.04015159606934,10.58115768432617,12.45973777770996,13.91884231567383,14.96689796447754,14.29438018798828,14.4627685546875,13.74895095825195,13.59586811065674,14.03886222839355,13.5404748916626,13.88335514068604,14.50707054138184,16.03094100952148,16.26985931396484,16.76080131530762,16.12070655822754,15.96284198760986,15.52180767059326,15.26130104064941,14.7398157119751,13.9621114730835,14.23332023620605,13.23588085174561,13.29681301116943,14.09288215637207,14.70155239105225,16.13597297668457
EPA006,2019-04-21 08:00:00,12.482590675354,14.61483478546143,16.50170707702637,17.03637313842773,17.56793022155762,18.13408470153809,17.37715148925781,17.30685615539551,17.01553726196289,17.6924877166748,17.93277740478516,18.37577629089355,18.01498794555664,17.8210391998291,17.30347633361816,17.62826347351074,17.75294494628906,18.28666114807129,18.00507354736328,18.1137638092041,18.48938369750977,19.27330017089844,20.96953201293945,22.57502937316895,24.13292503356934,25.31493377685547,24.84096145629883,23.01550102233887,21.52565956115723,19.14805221557617,16.92248344421387,15.63473606109619,14.75460529327393,14.02740859985352,14.44657230377197,13.98626232147217,13.82985687255859,13.72758388519287,13.96241664886475,13.85472774505615,13.01918888092041,12.7047700881958,12.22746562957764,12.59184169769287,12.47229099273682,12.70567035675049,14.32164096832275,15.08535099029541,16.39912986755371,15.93913555145264,15.61445713043213,14.95211505889893,14.83975410461426,14.66399192810059,13.73921012878418,13.25294589996338,13.115797996521,13.89461803436279,14.20657539367676,14.49588298797607,13.6478157043457,13.51144123077393,13.3778772354126,13.12675476074219,12.97904872894287,12.39925956726074,13.23984622955322,12.61612892150879,12.28074073791504,13.0925760269165,13.60582637786865,14.58739280700684
EPA007,2019-04-21 08:00:00,10.68102931976318,12.54367637634277,14.90809154510498,15.9128246307373,17.09836006164551,18.58910751342773,19.26289939880371,19.91107368469238,20.16342163085938,20.71501350402832,20.35254287719727,20.04257202148438,19.09416389465332,18.54102325439453,18.0885124206543,18.29498481750488,18.43607521057129,19.22699928283691,19.16423034667969,19.40597724914551,20.04217147827148,21.14260292053223,23.65109062194824,25.53068161010742,26.6239070892334,27.52193069458008,26.34541511535645,25.05567932128906,23.67173957824707,22.70353889465332,21.78039360046387,20.95177459716797,20.61882209777832,20.61007118225098,20.58312606811523,19.955078125,19.2183780670166,18.83989906311035,18.72236824035645,18.37178421020508,18.10341644287109,17.57148933410645,16.89769744873047,17.71659469604492,17.74049949645996,18.36822700500488,20.42709159851074,21.9925365447998,22.89397048950195,22.18836212158203,22.27948188781738,21.49487495422363,20.8956470489502,21.08071899414062,20.30913352966309,20.0170841217041,20.21637153625488,21.13692855834961,20.51571846008301,20.15972900390625,19.30196762084961,18.55398178100586,18.21195030212402,17.86300086975098,17.43326377868652,17.4028263092041,17.82831192016602,17.41149520874023,17.52106285095215,18.85722732543945,19.86995697021484,21.13512992858887
EPA008,2019-04-21 08:00:00,15.807204246521,15.13673400878906,15.54719829559326,14.86295700073242,14.7288990020752,15.2231969833374,16.40962409973145,17.32415580749512,18.29942893981934,19.17497253417969,19.52909088134766,19.90142440795898,20.06797027587891,20.59781837463379,21.18140983581543,22.01171112060547,22.2542896270752,23.19412422180176,23.22177505493164,23.52230072021484,23.68179893493652,24.80180931091309,26.79254913330078,27.47275161743164,26.69401931762695,26.45367050170898,24.28337287902832,22.49115371704102,20.87549018859863,20.41660499572754,19.76759910583496,19.12939643859863,18.88936424255371,19.08694839477539,19.39886856079102,19.45211982727051,18.8169059753418,18.7762336730957,18.80414772033691,18.39822769165039,18.56903457641602,17.92073822021484,17.26563453674316,18.05149459838867,18.13491249084473,18.97958564758301,20.63612174987793,21.36750030517578,21.43309211730957,20.57254219055176,21.25849342346191,20.80248260498047,20.10440254211426,20.45870208740234,20.09898948669434,19.99594306945801,20.35594177246094,21.21016311645508,20.74959754943848,20.94085884094238,20.89126396179199,20.77065658569336,20.98296546936035,21.14969062805176,20.83098030090332,21.52806663513184,21.77668380737305,21.73763084411621,22.05888557434082,23.5233325958252,24.43247032165527,25.15274620056152
EPA009,2019-04-21 08:00:00,4.053502082824707,6.551668643951416,8.952386856079102,10.30599117279053,11.34929180145264,11.74827194213867,11.24917888641357,11.16658020019531,11.36229991912842,12.42718315124512,12.70290374755859,13.06105327606201,13.062180519104,13.00582504272461,12.64830303192139,12.94725513458252,12.94788360595703,12.98748302459717,13.03781890869141,12.88365650177002,13.37004947662354,13.90790557861328,15.26598834991455,17.13930702209473,18.89200782775879,20.24609375,20.54626846313477,20.65685653686523,20.12349510192871,19.48968696594238,18.85478401184082,18.12365531921387,17.17300987243652,16.91875457763672,16.54629707336426,16.01722717285156,14.88397121429443,13.38300514221191,12.50721168518066,11.53531837463379,10.99396705627441,10.33599185943604,9.463964462280273,9.668882369995117,9.595911979675293,9.782123565673828,11.17490577697754,12.6381196975708,14.66372966766357,15.1382474899292,15.79715156555176,15.50959777832031,15.46841049194336,15.49278450012207,14.71792125701904,14.06968307495117,14.03300952911377,14.61942768096924,14.66063690185547,14.8431921005249,14.6742696762085,13.86681175231934,13.32859802246094,13.47439765930176,12.71565341949463,12.26471996307373,12.67521572113037,12.03988742828369,11.42778968811035,11.86121559143066,12.46429443359375,14.11759090423584
EPA010,2019-04-21 08:00:00,11.32999134063721,10.07878589630127,9.138358116149902,7.479013442993164,6.262732028961182,5.794042587280273,5.833438396453857,5.907938480377197,6.418354034423828,6.718159198760986,6.976716995239258,7.676563262939453,8.46656608581543,9.357492446899414,9.757187843322754,10.51520538330078,10.89461994171143,11.60238933563232,11.85044002532959,12.46477317810059,12.46967887878418,13.11911678314209,14.25895214080811,14.56823635101318,14.18828105926514,13.8938570022583,12.555908203125,10.74897861480713,9.69343376159668,8.955581665039062,8.062763214111328,7.519016742706299,7.536858558654785,7.349111557006836,7.900481700897217,7.954437732696533,7.678168773651123,7.915594577789307,7.990073204040527,8.265166282653809,7.937149047851562,7.496838092803955,7.100790023803711,7.421389102935791,7.560798645019531,7.877109050750732,8.60409164428711,8.777965545654297,8.974249839782715,8.253110885620117,8.459367752075195,8.632568359375,9.342657089233398,10.49281787872314,11.35668659210205,12.12487125396729,12.91239738464355,13.45292472839355,13.62832641601562,13.34897613525391,12.89696407318115,12.78163242340088,12.47340679168701,12.21500015258789,11.87532138824463,11.65155792236328,11.84602165222168,11.49960517883301,11.68603801727295,12.08124923706055,12.16522312164307,12.05894660949707
EPA011,2019-04-21 08:00:00,7.299202442169189,9.248674392700195,11.44132137298584,12.70534133911133,13.8410177230835,14.15320301055908,14.22174167633057,14.44168567657471,15.10218906402588,15.80236434936523,15.45247554779053,15.24187850952148,14.85610389709473,14.3622875213623,13.58115577697754,13.2170524597168,12.93138313293457,12.76581382751465,12.37790393829346,12.17359924316406,12.15071105957031,12.58649444580078,13.59750747680664,14.34729862213135,15.12773323059082,16.87153816223145,17.43148994445801,17.9660758972168,17.98154258728027,17.62067985534668,16.83649444580078,16.19134330749512,15.10203552246094,14.80946254730225,14.74007320404053,14.7057466506958,13.65396976470947,12.60990238189697,12.46443462371826,11.77598762512207,11.28102016448975,10.60725212097168,9.954412460327148,10.20096874237061,10.39575004577637,10.61849689483643,12.17663860321045,13.74995994567871,16.0950813293457,17.27110862731934,18.84910011291504,19.1559944152832,18.9728832244873,19.01342391967773,18.2061653137207,17.51473045349121,17.62213706970215,18.29232406616211,17.99997329711914,18.43967247009277,18.82574272155762,18.09605979919434,17.83950614929199,18.05721282958984,17.2489013671875,17.7237491607666,17.99297904968262,17.74621391296387,17.23913764953613,17.80807876586914,18.48696899414062,19.82871437072754
EPA012,2019-04-21 08:00:00,13.77155685424805,14.7045955657959,15.78037261962891,16.21333312988281,16.47491836547852,16.87878227233887,16.91775131225586,17.49506759643555,17.4896068572998,18.6995677947998,19.38156509399414,19.58111953735352,18.8290843963623,18.542236328125,18.39822769165039,18.77684593200684,18.27753829956055,18.46085166931152,17.85979461669922,17.27234649658203,17.90801620483398,18.25222587585449,19.96508979797363,21.15656852722168,21.42046928405762,22.29872131347656,21.47799873352051,21.20800590515137,20.47994422912598,19.64049530029297,19.22428321838379,19.21282386779785,19.00862503051758,19.15964889526367,19.72285270690918,19.65088081359863,19.11114692687988,18.35407257080078,18.00687408447266,16.62676048278809,16.06638145446777,14.91530895233154,14.16263389587402,14.24774837493896,14.25518417358398,14.36570262908936,16.19680595397949,17.27997779846191,18.79251480102539,18.89316749572754,19.67070007324219,20.26120948791504,20.82150268554688,21.47080421447754,21.17817497253418,20.9621524810791,21.79250717163086,23.60669326782227,24.39583206176758,25.99226379394531,26.16083335876465,26.22072219848633,26.65904235839844,26.96675109863281,26.09258842468262,26.12655639648438,26.47904968261719,25.77948379516602,25.10968017578125,25.68220520019531,26.35934066772461,28.10068893432617
EPA013,2019-04-21 08:00:00,14.22583770751953,15.98547554016113,17.83186340332031,18.5391845703125,19.16775131225586,19.71487998962402,19.53931045532227,19.87737274169922,20.0857105255127,20.96602439880371,21.15773773193359,21.50033950805664,20.99948501586914,20.68321228027344,20.3387622833252,20.2950611114502,20.21386337280273,20.45008659362793,19.83175659179688,19.60223960876465,19.62944793701172,20.2367115020752,22.15960502624512,24.34643745422363,26.06083488464355,27.57343673706055,27.32651710510254,26.25003814697266,25.49188423156738,24.04224014282227,22.69076728820801,21.86643600463867,21.0691089630127,20.45581817626953,20.5828971862793,19.99630355834961,19.05659866333008,18.10997772216797,17.80334091186523,16.6394100189209,15.85570049285889,15.07434177398682,14.26027011871338,14.49816226959229,14.22058963775635,14.21838569641113,15.9065580368042,17.20899391174316,19.11466026306152,19.03349304199219,19.39964866638184,19.47496604919434,19.69247245788574,19.96986389160156,19.50096321105957,19.16982078552246,19.42237281799316,20.22083854675293,20.37119674682617,20.80526542663574,20.19935607910156,20.02771186828613,20.16383743286133,19.96735763549805,19.78793716430664,19.46690559387207,20.26216125488281,19.8671817779541,19.43618011474609,20.14572143554688,21.0755786895752,22.76258087158203
EPA014,2019-04-21 08:00:00,14.66925239562988,15.45854568481445,16.86659622192383,17.04655075073242,16.94111251831055,17.68643569946289,17.78705787658691,18.54659461975098,18.96932601928711,19.81464004516602,20.52365875244141,20.66103363037109,19.88923835754395,19.32069969177246,18.92663955688477,18.91240310668945,18.4196720123291,18.58371543884277,17.70796203613281,17.17080497741699,17.59359550476074,17.98073387145996,20.22591590881348,22.17920875549316,23.01450729370117,23.47353744506836,21.57765007019043,20.03834342956543,18.62258148193359,17.72464370727539,16.92298889160156,16.43637084960938,16.65998268127441,16.89430236816406,17.23884963989258,17.01849365234375,16.4232234954834,16.10487365722656,15.64683246612549,14.75924301147461,14.85405158996582,14.09565734863281,13.56331920623779,14.00765419006348,14.07023429870605,14.91442394256592,16.96237945556641,18.37104034423828,19.31529808044434,19.03363609313965,19.67946243286133,19.70354652404785,19.56977272033691,19.92805099487305,19.5239200592041,19.72994232177734,20.61805725097656,22.29989624023438,22.58773612976074,23.46235847473145,22.99442672729492,23.20206069946289,23.38665199279785,23.39251136779785,22.9001636505127,22.74640083312988,23.06709671020508,22.53112602233887,22.69388008117676,23.95225143432617,24.94512748718262,26.58315277099609
EPA015,2019-04-21 08:00:00,11.31775951385498,12.3530969619751,13.83224678039551,13.91567420959473,14.0181884765625,14.56333351135254,14.68719577789307,15.09500503540039,15.57488536834717,16.59859848022461,17.11598205566406,17.89053344726562,18.07379150390625,18.2672176361084,18.39757347106934,18.86778259277344,18.90923881530762,19.38556480407715,19.14628791809082,19.08099174499512,19.14339637756348,20.05608367919922,22.10198020935059,24.17268562316895,25.62968635559082,26.90438842773438,26.17856216430664,24.81254386901855,23.44987297058105,22.22708320617676,21.05286026000977,20.32394218444824,19.87073135375977,20.10724449157715,20.72503280639648,20.97234725952148,20.749755859375,20.83325386047363,21.01201629638672,20.62933540344238,20.6522331237793,20.26508712768555,19.5997142791748,20.17145729064941,20.18708419799805,20.74536514282227,22.80268096923828,24.38675880432129,25.94037437438965,25.38773155212402,25.40247917175293,24.27249145507812,23.14051246643066,22.60836791992188,21.69252395629883,21.26547241210938,21.68683433532715,22.90758323669434,23.43645477294922,24.19592094421387,24.1009464263916,24.39094352722168,24.62963676452637,24.7106819152832,24.34272003173828,24.12326622009277,24.37899780273438,23.85065269470215,23.54257774353027,24.50117301940918,25.44509124755859,26.6204891204834
EPA017,2019-04-21 08:00:00,10.30841541290283,12.45908451080322,14.39690971374512,14.89711570739746,14.98331260681152,14.69345092773438,13.18779563903809,12.60836982727051,12.02447509765625,13.44386196136475,14.42735195159912,14.96589183807373,14.99147796630859,15.36820316314697,15.331618309021,16.75374984741211,17.0577335357666,17.83415603637695,18.0634765625,17.81677055358887,19.35002899169922,20.33487701416016,22.185791015625,23.32816505432129,24.12072944641113,25.30001831054688,24.89933204650879,24.66315269470215,23.18052101135254,21.68622589111328,20.48849678039551,19.66825866699219,18.83674049377441,19.0129222869873,19.53815269470215,19.61188507080078,19.62623405456543,19.17835807800293,18.85235404968262,18.56962203979492,18.07708549499512,17.56767082214355,16.83119201660156,17.32491683959961,17.50392913818359,18.26715850830078,20.31213760375977,21.43609046936035,23.08141708374023,23.30535507202148,23.78634834289551,22.99617958068848,22.142333984375,21.24260139465332,19.1573314666748,17.71139526367188,17.33271980285645,18.75473022460938,19.34390258789062,20.47020721435547,20.61498069763184,20.03887367248535,19.71088409423828,20.37398910522461,19.16917991638184,18.9027214050293,19.24660110473633,18.2596263885498,17.35628700256348,18.28048706054688,18.85619735717773,20.45614051818848
EPA018,2019-04-21 08:00:00,9.21481990814209,8.982492446899414,8.778823852539062,7.885811328887939,7.254180908203125,7.09422779083252,6.808848857879639,7.029683113098145,7.207111835479736,8.012153625488281,8.818723678588867,9.171813011169434,9.272748947143555,9.482390403747559,9.433637619018555,10.23882484436035,10.2108793258667,10.64064121246338,10.52479362487793,10.48806953430176,11.24201011657715,11.95999717712402,13.20045948028564,13.55064296722412,13.32963752746582,13.5639533996582,12.66332054138184,11.85517978668213,11.16940021514893,10.56839561462402,10.10814666748047,10.0293025970459,10.20107173919678,10.28189468383789,10.9170970916748,10.9627857208252,11.04986572265625,11.0617504119873,10.87645721435547,10.8326997756958,10.35123157501221,9.921730995178223,9.552253723144531,9.80161190032959,9.955084800720215,10.56435298919678,11.43682289123535,11.55886363983154,11.67992496490479,11.12049770355225,11.12070751190186,10.72404861450195,10.66326808929443,10.65202808380127,10.26539611816406,10.13421440124512,10.4456958770752,11.33014392852783,11.83150672912598,12.33710384368896,12.24978637695312,12.34180164337158,12.26955795288086,12.71708393096924,12.24363136291504,12.2513313293457,12.60796356201172,12.37420558929443,12.37822437286377,13.42156505584717,13.81311702728271,14.38752841949463
EPA019,2019-04-21 08:00:00,4.515735626220703,4.622211933135986,5.088470458984375,5.209900379180908,5.507123470306396,5.619882583618164,5.902226448059082,6.130210876464844,6.75669002532959,7.087944030761719,7.277497291564941,7.424744129180908,7.794939517974854,7.826103210449219,7.61634349822998,7.954357147216797,7.716694355010986,7.645319938659668,7.384074211120605,7.355373859405518,7.158679485321045,7.388242244720459,7.382146835327148,6.759616851806641,6.280156135559082,6.727385520935059,6.695272922515869,6.645825386047363,6.940204620361328,7.070249557495117,6.847428321838379,6.872877597808838,6.985483646392822,7.02088737487793,7.55766773223877,8.000676155090332,7.959052085876465,7.993550777435303,8.246752738952637,8.428746223449707,7.924500465393066,7.48161506652832,7.100104808807373,7.035039901733398,7.160285472869873,7.235575199127197,7.287398338317871,6.938467502593994,6.980494976043701,6.771151542663574,7.377545356750488,7.564480304718018,7.811384201049805,8.206880569458008,8.452109336853027,8.60644245147705,9.131681442260742,9.485097885131836,9.775012969970703,10.06452560424805,10.34825992584229,10.43336582183838,10.42068195343018,10.78348922729492,10.30590629577637,10.54303073883057,10.66337966918945,10.58335113525391,10.44956493377686,10.93882274627686,10.79960918426514,10.61233520507812
EPA020,2019-04-21 08:00:00,9.407148361206055,10.17781448364258,10.96115398406982,10.76491069793701,10.74744701385498,11.23995018005371,10.69980716705322,10.95593357086182,10.93122100830078,11.88198280334473,12.45730018615723,12.83374691009521,12.58559703826904,12.75662040710449,12.66352939605713,13.71579933166504,14.26212787628174,15.05145454406738,14.84941577911377,14.63590908050537,15.73537921905518,16.62128829956055,18.47739410400391,19.64258766174316,20.06431007385254,20.75935745239258,20.25894165039062,19.08938980102539,18.61388206481934,17.52059936523438,16.90642547607422,17.02055358886719,17.11317825317383,16.92848587036133,17.49800109863281,16.86546325683594,17.04778861999512,16.9628963470459,16.98555946350098,16.97673797607422,16.17708015441895,16.02318572998047,15.65834140777588,16.32682418823242,16.36341094970703,17.02461242675781,18.5596866607666,19.34096336364746,20.46879577636719,19.94989013671875,19.59304618835449,19.5346508026123,19.6476879119873,19.5866584777832,18.88857650756836,18.36109352111816,18.40978813171387,18.99252319335938,19.25586318969727,19.04739761352539,17.82837295532227,17.18301582336426,16.76540565490723,16.54972076416016,16.07610321044922,15.33421230316162,16.07350158691406,15.62647438049316,15.19374370574951,16.22006607055664,16.95100784301758,18.12700462341309
EPA021,2019-04-21 08:00:00,6.408233165740967,7.243849754333496,8.7182035446167,9.436710357666016,10.23656845092773,10.95801734924316,11.41957950592041,11.93621730804443,13.01937007904053,13.84129810333252,14.15098857879639,14.27787303924561,14.38530349731445,14.14949035644531,13.66717147827148,13.70266914367676,13.31982040405273,13.12692642211914,12.66025066375732,12.41804790496826,12.28669452667236,12.65831756591797,13.29615783691406,13.62826156616211,13.76432800292969,14.37009525299072,13.87567901611328,13.56354904174805,13.4301290512085,13.46946239471436,12.9869270324707,12.62320613861084,12.39570140838623,12.47271919250488,12.60750770568848,12.70826053619385,12.1696605682373,11.74690723419189,11.63545513153076,11.48538589477539,11.30626678466797,10.87397480010986,10.38943099975586,10.61782073974609,10.7426176071167,11.31911945343018,12.31322002410889,13.04300975799561,13.94522666931152,14.04843139648438,15.02990818023682,14.90082168579102,14.5677433013916,14.63357353210449,14.16863632202148,13.9783992767334,14.31645679473877,14.93566036224365,14.88848686218262,15.12035655975342,15.15749549865723,14.90105247497559,14.61613082885742,14.85218143463135,14.20663356781006,14.33091449737549,14.43761348724365,14.15948104858398,14.02668571472168,14.88634777069092,15.26326274871826,15.98833465576172
EPA022,2019-04-21 08:00:00,14.23290348052979,14.53727149963379,14.95587730407715,14.17324638366699,13.46445083618164,13.1387243270874,12.30112075805664,12.07833480834961,12.31893444061279,12.82217693328857,13.22601509094238,13.3665018081665,13.38573265075684,13.18405723571777,12.83086681365967,13.12608051300049,13.17243766784668,13.42102146148682,12.98116207122803,12.90070724487305,13.26425838470459,14.12287330627441,15.8485689163208,17.20989990234375,18.24182510375977,19.17996597290039,18.62384223937988,17.8624267578125,17.466064453125,17.07468032836914,16.38235092163086,15.90755748748779,15.8994312286377,15.94618606567383,16.34412002563477,16.31753921508789,16.01543235778809,15.89430141448975,15.63438892364502,15.62457084655762,15.21903038024902,14.95153617858887,14.38879108428955,14.7473258972168,14.766357421875,15.51286029815674,16.67195129394531,17.51501274108887,18.24866485595703,17.66507720947266,17.70662498474121,16.86689567565918,16.1009521484375,15.61435317993164,14.85037326812744,14.67117595672607,14.93270587921143,15.62109661102295,15.84608268737793,15.96938037872314,15.60200023651123,15.75881958007812,15.60538673400879,15.94068431854248,15.71661472320557,15.56241321563721,15.99037170410156,15.82021903991699,15.94482612609863,17.17876625061035,18.10682678222656,19.13783645629883
EPA023,2019-04-21 08:00:00,9.238645553588867,9.374700546264648,9.79193115234375,9.773524284362793,9.737992286682129,9.630684852600098,9.668092727661133,10.14310169219971,10.79373455047607,12.09168529510498,13.20132350921631,13.56427383422852,13.47903823852539,13.56612205505371,13.14558887481689,13.6696195602417,13.1553258895874,13.3198070526123,12.58769702911377,12.09912014007568,12.57590961456299,12.96611881256104,13.66592216491699,13.467942237854,13.20964908599854,14.6735372543335,14.71528625488281,14.81389617919922,14.79124546051025,13.98009395599365,13.15354251861572,13.04489803314209,13.10182094573975,12.94367122650146,14.04873657226562,14.42413520812988,14.6109504699707,14.45541572570801,14.31513690948486,13.86545658111572,12.91189193725586,11.95169162750244,11.42916202545166,11.27046298980713,11.29997730255127,11.36973857879639,12.16570663452148,12.23234081268311,13.1476526260376,13.51167488098145,14.68086624145508,15.40322113037109,15.8178186416626,15.79549789428711,14.84144592285156,14.03424453735352,14.1254301071167,15.15253067016602,15.51600456237793,16.45822715759277,16.6682014465332,16.2869987487793,16.19546890258789,16.52531623840332,15.47497463226318,15.67140102386475,15.78451061248779,15.48142242431641,14.72570610046387,15.48731899261475,15.41931915283203,16.06247329711914
EPA024,2019-04-21 08:00:00,7.51237678527832,8.336004257202148,9.485151290893555,9.77219295501709,9.947622299194336,10.0715389251709,9.949066162109375,10.14634609222412,10.46416568756104,10.98695945739746,11.39489936828613,11.47244834899902,11.32405090332031,11.12482833862305,10.75636959075928,11.13169860839844,11.01285362243652,11.25295352935791,10.79948997497559,10.5815544128418,10.91117191314697,11.40744209289551,12.45720195770264,12.9712963104248,13.42277145385742,14.5338773727417,14.38189888000488,14.11428165435791,13.84958076477051,13.42403125762939,12.91232395172119,12.66111278533936,12.80886745452881,12.85691165924072,13.43950176239014,13.62234401702881,13.56780052185059,13.50437450408936,13.4359302520752,13.32710647583008,12.84186840057373,12.3242826461792,11.82263851165771,12.01053333282471,12.04709815979004,12.34045124053955,13.09580039978027,13.42929363250732,13.85014247894287,13.69163703918457,14.22227001190186,14.12889289855957,13.82703018188477,13.622239112854,12.90316963195801,12.46615028381348,12.59654331207275,13.14194679260254,13.08106994628906,13.26622676849365,13.11531543731689,12.81047821044922,12.68457126617432,12.87248420715332,12.33309650421143,12.38938140869141,12.60811710357666,12.4813289642334,12.29455375671387,13.26421165466309,13.59227180480957,14.09445762634277
EPA025,2019-04-21 08:00:00,4.475844860076904,5.136783123016357,6.051149368286133,6.453928470611572,6.801826000213623,7.225683212280273,7.387578964233398,7.83576774597168,8.367417335510254,8.873603820800781,9.303034782409668,9.292064666748047,8.996182441711426,8.493544578552246,7.86583948135376,7.861754894256592,7.431931972503662,7.271846294403076,6.560781002044678,6.188560962677002,6.325527667999268,6.604651927947998,7.346673965454102,7.990020275115967,8.737117767333984,9.98648738861084,10.22756195068359,10.2411937713623,10.63802051544189,10.56769466400146,10.42004299163818,10.53745937347412,10.96098518371582,10.89710521697998,11.36641788482666,11.33507442474365,11.18232917785645,10.88930797576904,10.59749317169189,10.28653430938721,9.629443168640137,9.085797309875488,8.66126823425293,8.622137069702148,8.575042724609375,8.692436218261719,9.057619094848633,9.282596588134766,9.701752662658691,9.535755157470703,9.907573699951172,10.03075218200684,10.18369674682617,10.1935453414917,9.92098617553711,9.77408504486084,10.084547996521,10.46316719055176,10.53475570678711,10.5567045211792,10.19611549377441,10.00345134735107,9.820038795471191,9.883216857910156,9.471965789794922,9.302607536315918,9.552711486816406,9.541991233825684,9.40354061126709,10.26147651672363,10.49564075469971,11.00514125823975
EPA026,2019-04-21 08:00:00,12.59408855438232,13.55307769775391,14.91367816925049,15.50557231903076,15.82475090026855,16.09299468994141,15.59470558166504,15.28969955444336,15.10283756256104,15.2644624710083,15.13421440124512,14.8737735748291,14.30695819854736,13.80423831939697,13.23657035827637,13.58408737182617,13.45703983306885,13.64419078826904,13.0087423324585,12.80720901489258,13.05240345001221,13.52197551727295,14.37261581420898,14.75922393798828,15.4372673034668,16.82425689697266,17.10732460021973,16.82954216003418,17.02152824401855,16.39916801452637,15.48256683349609,15.09056758880615,14.8892765045166,14.49594688415527,14.92417430877686,14.77823066711426,14.62431812286377,14.55629253387451,14.75044250488281,14.69934558868408,13.85558795928955,13.37636280059814,12.98305988311768,13.1631383895874,13.1459379196167,13.30043888092041,14.19040298461914,14.48597812652588,15.55696105957031,15.61166763305664,16.41015243530273,17.03872108459473,17.49933815002441,17.74679183959961,17.19966125488281,16.81548118591309,16.93519401550293,17.38686370849609,17.34894371032715,17.28947830200195,16.39301681518555,15.94990539550781,15.64597129821777,15.29763793945312,14.70118236541748,14.28165817260742,14.64070701599121,14.20547103881836,13.66642951965332,14.31879043579102,14.43554210662842,15.03475856781006
EPA027,2019-04-21 08:00:00,11.43735980987549,11.91456127166748,12.65077018737793,12.82231616973877,13.00090026855469,13.58663177490234,13.3697681427002,13.36500835418701,13.51370048522949,13.79665660858154,13.70044708251953,13.53023242950439,12.99951648712158,12.31775760650635,11.6199426651001,11.48499584197998,11.03707313537598,10.6971321105957,10.0979700088501,9.93585205078125,9.966358184814453,10.33083152770996,11.1158275604248,12.01764392852783,12.84656238555908,13.38925075531006,13.120849609375,12.38658237457275,12.46004295349121,12.14569091796875,11.46185779571533,11.10136413574219,10.67516803741455,10.16193103790283,9.913105964660645,9.268708229064941,8.516797065734863,7.912082672119141,7.64560079574585,7.284885883331299,6.775592803955078,6.497910022735596,6.311854839324951,6.52086353302002,6.576348781585693,7.096425533294678,8.164159774780273,8.884970664978027,10.19540023803711,10.26631546020508,10.77755641937256,11.05818367004395,11.71185874938965,12.27176952362061,12.34316158294678,12.54957866668701,12.90567874908447,13.3539981842041,13.50970840454102,13.38242816925049,12.31057929992676,12.19730281829834,11.76719760894775,11.37582492828369,11.08976554870605,10.43979167938232,10.91677474975586,10.47804069519043,10.3751392364502,11.02980422973633,11.43038463592529,12.44877529144287
EPA028,2019-04-21 08:00:00,10.06563091278076,10.85396766662598,11.58040142059326,11.50383567810059,11.63069343566895,12.021071434021,11.49045562744141,11.07970523834229,10.8962459564209,11.2540864944458,10.98575401306152,10.81678581237793,10.53665256500244,10.11091327667236,9.659714698791504,9.969051361083984,9.929399490356445,10.00020217895508,10.04464149475098,10.28571510314941,10.77809238433838,11.80558013916016,13.18130016326904,14.63852405548096,16.09007263183594,17.07365417480469,17.21679878234863,16.8541145324707,16.87596130371094,16.61566925048828,16.0316047668457,15.57151031494141,14.86830043792725,14.48775863647461,14.14520645141602,13.47678661346436,12.69799613952637,11.97971534729004,11.57074546813965,11.34392833709717,10.6985912322998,10.52987766265869,10.09362888336182,10.4567346572876,10.51348304748535,11.14852428436279,12.30377674102783,13.24808597564697,14.62015438079834,14.21056938171387,14.08048248291016,13.25510597229004,13.23916149139404,13.2384557723999,12.94631671905518,12.88947200775146,13.0725736618042,13.54922103881836,13.9480152130127,13.7464656829834,12.95687198638916,13.00151634216309,12.52604007720947,12.56201362609863,12.33779621124268,11.79016208648682,12.36725044250488,11.94560813903809,11.87680816650391,12.72861671447754,13.41745758056641,14.59311485290527
EPA029,2019-04-21 08:00:00,5.613195419311523,5.748262882232666,6.225367546081543,6.042284965515137,5.987454891204834,6.642290592193604,6.629548072814941,6.785650730133057,6.878706932067871,7.13502836227417,7.340994834899902,7.304187774658203,7.139718055725098,6.904359340667725,6.632389545440674,7.265254974365234,7.221806049346924,7.473200798034668,7.353953838348389,7.376236438751221,7.974998474121094,8.599688529968262,9.624053955078125,10.10667324066162,10.30745697021484,10.45082187652588,9.716789245605469,8.884819030761719,8.622157096862793,8.534727096557617,8.395341873168945,8.499399185180664,8.951249122619629,9.149029731750488,9.456665992736816,9.285177230834961,9.379538536071777,9.616798400878906,9.62356185913086,10.00521850585938,9.750248908996582,9.659375190734863,9.496820449829102,9.916502952575684,10.13100719451904,10.89504623413086,11.67151737213135,11.91449737548828,11.95133399963379,11.1806755065918,10.98981475830078,10.55787658691406,10.58104228973389,10.7898416519165,10.79953002929688,11.06890487670898,11.60449028015137,12.23472213745117,12.57883644104004,12.38311767578125,11.60376167297363,11.61503410339355,11.2308521270752,11.19619464874268,10.78500843048096,10.30044269561768,10.53631973266602,10.16715717315674,10.31573963165283,11.2910213470459,11.54322814941406,11.85474967956543
EPA030,2019-04-21 08:00:00,11.14816665649414,11.13055992126465,11.12967586517334,10.47561264038086,9.998519897460938,9.774922370910645,9.248205184936523,8.841398239135742,8.690953254699707,9.20541763305664,9.39675235748291,9.234674453735352,9.081613540649414,8.843317985534668,8.582200050354004,9.167349815368652,8.976360321044922,9.058219909667969,9.141249656677246,9.24276065826416,9.985889434814453,10.89827537536621,12.07933807373047,12.7498083114624,13.15948486328125,13.59973907470703,13.26197052001953,13.41561317443848,13.21019172668457,13.54771327972412,13.62166118621826,13.42100524902344,13.14523983001709,13.37508583068848,13.30674362182617,13.17463397979736,12.64700222015381,12.13285350799561,11.58574295043945,11.41875648498535,11.11876106262207,10.78961277008057,10.34745121002197,10.65640830993652,10.84642696380615,11.59690856933594,12.64819526672363,13.37661552429199,14.01858520507812,13.68283557891846,13.88224792480469,12.979079246521,12.46377468109131,12.21772384643555,11.51084136962891,11.17711639404297,11.23647594451904,11.90380191802979,12.06169319152832,12.21819019317627,12.00055408477783,11.81134510040283,11.36779308319092,11.73699283599854,11.11819553375244,10.97175693511963,11.08539581298828,10.70656204223633,10.62638092041016,11.60079765319824,12.19814586639404,13.16797637939453
EPA031,2019-04-21 08:00:00,6.483163356781006,6.55434513092041,6.584339141845703,6.095080852508545,5.813610076904297,6.023229598999023,5.81723165512085,5.879758358001709,5.800098419189453,6.825294494628906,7.41001558303833,7.30159854888916,6.895079612731934,6.687533855438232,6.383327960968018,7.205002307891846,6.935860157012939,7.094509124755859,7.294129371643066,7.185429096221924,8.575573921203613,9.509906768798828,10.92655563354492,11.63400363922119,11.70019721984863,11.97630977630615,11.42559242248535,11.75462818145752,11.32898426055908,11.65416717529297,12.14274883270264,12.36831665039062,12.31135559082031,12.81522846221924,12.79933929443359,12.51169872283936,12.19685077667236,11.60314655303955,10.85201263427734,10.56385135650635,10.40775680541992,10.08577251434326,9.79281234741211,10.28319644927979,10.65329742431641,11.69189548492432,13.22079658508301,14.35404300689697,15.22825050354004,15.15296840667725,15.30151844024658,14.39388656616211,13.85432529449463,13.48394870758057,12.43523406982422,11.78647994995117,11.76003456115723,12.76716995239258,12.97548294067383,13.28334140777588,13.01474475860596,12.40486431121826,11.7309513092041,12.08536815643311,11.07177448272705,10.81614303588867,10.79893112182617,10.25572681427002,10.01576805114746,11.12314987182617,11.76917743682861,13.08075428009033
EPA032,2019-04-21 08:00:00,12.56696319580078,12.15983486175537,12.14854526519775,11.5611572265625,10.91442489624023,10.93366146087646,10.79089164733887,10.84666061401367,10.69524955749512,11.30013656616211,11.79798412322998,11.36482429504395,10.51888179779053,9.99697208404541,9.480628967285156,10.0551929473877,9.497190475463867,9.695566177368164,9.346738815307617,9.119471549987793,10.26065349578857,10.9689359664917,12.31544589996338,12.47739887237549,12.136887550354,12.57006359100342,11.62753295898438,11.62448596954346,11.04190921783447,11.08873271942139,11.07026195526123,11.02452182769775,11.25248336791992,11.64696788787842,12.02177143096924,12.04613399505615,11.93572998046875,11.88426399230957,11.43986701965332,11.25466060638428,11.11000823974609,10.53408336639404,10.35200691223145,10.73942089080811,11.11327362060547,12.06851100921631,13.52815437316895,14.24971580505371,14.70266819000244,14.78806591033936,15.65996551513672,15.57347774505615,15.35933303833008,15.27844715118408,14.21276378631592,13.68968105316162,13.79403018951416,15.01418399810791,14.92348098754883,15.3788890838623,14.98901653289795,14.46663951873779,13.99343204498291,14.09036540985107,13.01231479644775,13.02693939208984,12.861083984375,12.38228416442871,12.24368953704834,13.49083423614502,13.86594390869141,14.79355430603027
EPA033,2019-04-21 08:00:00,6.040713310241699,7.084427356719971,8.180768966674805,8.54189395904541,8.681570053100586,9.069931030273438,8.889062881469727,9.275422096252441,9.154500961303711,10.43567276000977,11.29598045349121,11.18225574493408,10.35123157501221,10.08484840393066,9.622773170471191,10.4150972366333,10.05831813812256,10.49988842010498,10.40974712371826,10.02641105651855,11.70623683929443,12.42171478271484,14.28313541412354,15.21458530426025,15.42353916168213,16.3343334197998,15.61616516113281,15.83824920654297,14.95513820648193,14.39309692382812,14.27735042572021,14.26294612884521,14.30069160461426,14.61980056762695,14.97074604034424,14.69565391540527,14.41914176940918,13.6950101852417,12.83072471618652,12.06618309020996,11.63351917266846,10.75612449645996,10.24961757659912,10.60737228393555,10.9101676940918,11.66912651062012,13.44822978973389,14.59763717651367,15.71262741088867,16.08419036865234,16.88517570495605,16.92424201965332,17.02816581726074,17.03302001953125,15.84324073791504,15.05655384063721,15.21138286590576,16.80544662475586,17.04123497009277,17.85324096679688,17.76480865478516,16.95128440856934,16.45692443847656,16.81392097473145,15.47066402435303,15.42637538909912,15.50155258178711,14.81667232513428,14.35659408569336,15.44827461242676,15.92670154571533,17.49919319152832
EPA034,2019-04-21 08:00:00,9.241039276123047,8.711546897888184,8.29492473602295,7.546448230743408,7.253404140472412,7.320670127868652,7.543699264526367,7.688804149627686,7.550195693969727,8.010376930236816,8.095495223999023,7.726962089538574,7.316828727722168,7.171805381774902,7.081160545349121,7.8570556640625,7.663153648376465,8.01165771484375,8.316651344299316,8.56232738494873,9.563939094543457,10.45428943634033,11.52050876617432,11.24662494659424,10.28052234649658,9.983933448791504,9.00267219543457,8.9252290725708,8.432976722717285,8.69249439239502,8.944194793701172,9.035078048706055,8.880796432495117,9.087423324584961,9.098003387451172,8.944305419921875,8.53331470489502,8.163127899169922,7.840880870819092,7.649383068084717,7.352636814117432,6.871443271636963,6.604217529296875,6.983684062957764,7.359050750732422,8.133038520812988,9.0840482711792,9.277337074279785,9.239258766174316,8.886482238769531,9.213637351989746,8.806474685668945,8.870481491088867,9.250307083129883,9.096144676208496,9.047185897827148,9.332422256469727,10.20564460754395,10.34974479675293,10.74426078796387,10.82651615142822,10.70082855224609,10.50555992126465,11.02276992797852,10.39001750946045,10.82321262359619,11.02009201049805,10.8180103302002,10.98956298828125,12.0635871887207,12.47758102416992,13.09017276763916
EPA035,2019-04-21 08:00:00,9.196357727050781,8.75648021697998,8.654219627380371,8.116266250610352,8.194998741149902,8.755570411682129,9.18344497680664,9.416169166564941,9.580081939697266,9.666674613952637,9.162875175476074,8.746050834655762,8.431366920471191,8.208699226379395,8.0483980178833,8.57781982421875,8.690276145935059,9.014965057373047,9.192394256591797,9.536931037902832,10.01620960235596,10.8801155090332,11.82614517211914,11.60630130767822,10.77465534210205,10.45793437957764,9.662637710571289,9.039207458496094,8.995864868164062,9.280991554260254,9.339890480041504,9.502342224121094,9.31009578704834,9.287221908569336,9.206300735473633,8.848475456237793,8.448790550231934,8.367822647094727,8.614602088928223,8.883818626403809,8.569584846496582,8.495518684387207,8.379602432250977,8.990985870361328,9.35990047454834,10.18008708953857,11.17217063903809,11.53519153594971,11.86281490325928,11.3720874786377,11.50047874450684,11.28201389312744,11.46944141387939,12.09025287628174,12.44788074493408,12.77142429351807,13.26024150848389,13.68706512451172,13.71105003356934,13.4440450668335,12.94314002990723,12.83186149597168,12.55895233154297,12.62762260437012,12.34131145477295,12.50186824798584,12.91437530517578,12.79440689086914,13.06341361999512,14.02361297607422,14.55913257598877,14.97074508666992
EPA036,2019-04-21 08:00:00,9.572935104370117,10.41160297393799,10.7670202255249,10.94668579101562,11.3997278213501,11.40063953399658,10.91823577880859,10.80553817749023,11.12775707244873,11.81798458099365,12.04311943054199,12.13244152069092,12.11952877044678,11.66423511505127,10.91539001464844,10.69120979309082,10.09522247314453,9.460051536560059,9.01609992980957,8.778779029846191,8.612441062927246,8.575135231018066,8.60342788696289,8.530512809753418,8.546797752380371,8.71961498260498,8.760619163513184,9.207910537719727,9.589165687561035,9.79394817352295,9.756829261779785,9.72256088256836,9.507658958435059,9.612666130065918,9.820610046386719,9.870553970336914,9.347797393798828,8.603560447692871,8.42973518371582,8.174972534179688,7.378846645355225,6.814024925231934,6.230169296264648,5.890301704406738,5.859762191772461,5.631834030151367,6.128972053527832,6.533992767333984,7.372552394866943,7.237517356872559,7.39586067199707,7.250525951385498,7.562577247619629,8.094675064086914,8.186487197875977,8.298073768615723,8.770079612731934,9.384506225585938,9.794803619384766,10.36371612548828,10.51119804382324,10.19102764129639,9.905935287475586,10.16702175140381,9.490822792053223,9.176844596862793,9.305183410644531,8.709724426269531,8.16150188446045,8.124994277954102,8.299538612365723,9.04239559173584
EPA037,2019-04-21 08:00:00,11.92473316192627,12.55645370483398,12.99598979949951,12.70014381408691,12.26283168792725,11.36687564849854,10.26376533508301,9.459280967712402,9.092521667480469,9.879829406738281,10.31932353973389,10.19146347045898,10.08626079559326,9.805381774902344,9.384164810180664,9.953957557678223,9.502132415771484,9.32919979095459,9.340259552001953,9.163346290588379,9.974274635314941,10.72630405426025,11.50724506378174,11.67144012451172,11.95139694213867,12.89337158203125,13.11750411987305,14.27789688110352,13.97708892822266,14.27648830413818,14.24203014373779,13.81606101989746,13.08104133605957,13.55916023254395,13.68768501281738,14.1697416305542,13.77374172210693,13.18219089508057,12.69155788421631,12.42404079437256,12.22940540313721,11.7705192565918,11.24723720550537,11.38500690460205,11.69116115570068,12.34911441802979,13.63093376159668,14.56166839599609,15.71476650238037,16.20588302612305,17.05699157714844,15.99343872070312,14.75702857971191,13.74314212799072,11.96194362640381,10.76251029968262,10.35933685302734,11.27933883666992,11.44526290893555,12.43928146362305,13.10760974884033,12.7342700958252,12.39945316314697,13.22568607330322,12.13794612884521,12.38146591186523,12.19510269165039,11.68176651000977,11.10545349121094,11.94510650634766,12.4683084487915,13.61503410339355
EPA038,2019-04-21 08:00:00,10.94958400726318,10.68792343139648,10.6228494644165,9.943397521972656,9.774225234985352,9.934000968933105,9.892369270324707,10.12320709228516,10.48256587982178,11.04145431518555,11.19354248046875,11.14735984802246,11.05481815338135,10.88714027404785,10.60599422454834,11.06980419158936,11.00165557861328,11.10997295379639,10.90784740447998,10.86651706695557,11.26996803283691,12.02850437164307,12.86010837554932,12.63050842285156,11.88855934143066,11.89225387573242,11.21161270141602,10.61739635467529,10.44283962249756,10.34053230285645,10.01576614379883,10.05322170257568,9.754735946655273,9.784879684448242,10.07061767578125,10.07050609588623,9.995253562927246,10.05364418029785,10.37483692169189,10.62802696228027,10.33861923217773,10.32092571258545,10.21188831329346,10.71442794799805,11.05933570861816,11.98641777038574,13.15835285186768,13.58529376983643,14.20431137084961,13.99833011627197,14.22294616699219,13.7196044921875,13.25739479064941,13.05863285064697,12.58157539367676,12.34676933288574,12.52152347564697,13.11299610137939,13.38598442077637,13.75132465362549,13.65127182006836,13.7547779083252,13.68576240539551,14.10247611999512,13.77700138092041,14.0371561050415,14.46636581420898,14.37529945373535,14.43139934539795,15.56592273712158,16.23373794555664,16.88061714172363
EPA039,2019-04-21 08:00:00,18.16812896728516,18.27534294128418,18.33204650878906,17.97003364562988,17.36673736572266,16.87750244140625,16.14458465576172,15.79655933380127,15.01855373382568,15.05917453765869,14.8966007232666,13.96043968200684,12.41847896575928,11.17617988586426,10.19905948638916,10.02011394500732,9.195454597473145,8.922405242919922,8.107751846313477,7.679750919342041,8.4213285446167,8.755242347717285,9.807279586791992,9.874131202697754,9.80648422241211,10.71093654632568,10.58320617675781,11.19527244567871,11.19573211669922,11.16480922698975,11.04703617095947,10.97613525390625,10.72966480255127,10.7152099609375,10.9226541519165,10.85546207427979,10.38069152832031,9.961220741271973,9.703802108764648,9.050497055053711,8.536763191223145,7.823242664337158,7.666235446929932,7.775586128234863,8.074861526489258,8.489187240600586,9.901347160339355,10.68649101257324,11.77109527587891,12.49243831634521,13.62790489196777,14.19186687469482,14.42634582519531,14.56167984008789,13.69890403747559,13.18722724914551,13.27463340759277,14.33646106719971,14.18267440795898,14.97815132141113,14.67984294891357,14.27016925811768,14.17370700836182,14.18519115447998,13.37620830535889,13.57149791717529,13.68216514587402,13.35817527770996,13.04313278198242,13.91755294799805,14.46958446502686,15.69366073608398
EPA040,2019-04-21 08:00:00,8.878252983093262,10.01083660125732,11.07237720489502,11.77127742767334,12.24956798553467,12.00842571258545,11.40393161773682,11.03536224365234,11.20582485198975,11.59841156005859,11.45991230010986,10.99703979492188,10.6415548324585,9.7808837890625,9.00902271270752,8.617100715637207,7.914296627044678,6.968585968017578,6.545804977416992,6.071416854858398,6.08622932434082,6.017500877380371,6.196281909942627,6.490190982818604,6.754111289978027,7.021343231201172,7.214213371276855,8.586670875549316,9.21155071258545,10.48048400878906,11.23365688323975,11.2455587387085,10.71956634521484,11.02535724639893,10.38467311859131,10.2957706451416,8.968748092651367,7.466774463653564,6.656586170196533,5.827423095703125,5.656154632568359,5.087350368499756,4.506888866424561,4.411293029785156,4.575208187103271,4.874096393585205,5.678651809692383,6.747220039367676,8.061363220214844,8.871926307678223,10.0760326385498,10.14017200469971,10.02542209625244,10.30409336090088,10.03844547271729,9.885549545288086,10.18766307830811,10.65736484527588,10.523193359375,11.0134744644165,11.37235164642334,10.84290599822998,10.46878528594971,10.95444679260254,10.14477252960205,10.18978786468506,10.18059349060059,9.787854194641113,9.463600158691406,9.76095199584961,10.36830997467041,11.77309513092041
EPA041,2019-04-21 08:00:00,12.55404376983643,13.0688533782959,13.42370700836182,13.12383270263672,13.0095682144165,12.94521236419678,12.069655418396,11.76648807525635,11.50932788848877,11.97158050537109,12.1305627822876,11.99279403686523,11.70577144622803,11.33472156524658,10.95477199554443,11.48402309417725,11.45644855499268,11.50899124145508,11.21098613739014,11.01294326782227,11.62365055084229,12.27504634857178,13.21501922607422,13.49847793579102,13.53679466247559,13.91410541534424,13.69137954711914,13.47841835021973,13.62528133392334,13.42292594909668,13.11300086975098,13.14894485473633,12.86535549163818,12.75434970855713,12.95181465148926,12.70814514160156,12.50545501708984,12.16815948486328,12.17837047576904,12.11916732788086,11.40316677093506,11.21334266662598,10.86554050445557,11.12064647674561,11.24499893188477,11.84317684173584,12.78307437896729,13.05983638763428,13.82155323028564,13.50046348571777,13.50483131408691,13.20138168334961,13.1736946105957,13.09760570526123,12.68637752532959,12.48397350311279,12.71491718292236,13.34438133239746,13.91852760314941,14.37777042388916,14.05591297149658,14.22203540802002,14.17091369628906,14.63313674926758,14.31760501861572,14.16289806365967,14.80789566040039,14.50707912445068,14.31370162963867,15.2033052444458,15.84303760528564,16.84123802185059
EPA042,2019-04-21 08:00:00,12.67135524749756,11.99636554718018,11.50002002716064,10.60246276855469,10.00977325439453,10.1467981338501,10.02437973022461,10.38035678863525,10.53499889373779,11.0951099395752,11.71783638000488,11.6533784866333,11.09095859527588,10.56135845184326,10.009202003479,10.28682422637939,9.7963285446167,9.685290336608887,8.906394958496094,8.527347564697266,8.996467590332031,9.518159866333008,10.28531074523926,10.27357769012451,9.904192924499512,10.16936588287354,9.562515258789062,8.809759140014648,8.7399263381958,8.385315895080566,8.018020629882812,8.193710327148438,8.384119033813477,8.236943244934082,8.744464874267578,8.588910102844238,8.778312683105469,8.960352897644043,9.017657279968262,9.00792121887207,8.540433883666992,8.387619018554688,8.462285041809082,8.731910705566406,8.907214164733887,9.673683166503906,10.59932994842529,10.68029403686523,10.97040271759033,10.72313499450684,10.84112548828125,10.71809005737305,10.63263988494873,10.34376621246338,9.673967361450195,9.328768730163574,9.302275657653809,9.826693534851074,10.0246696472168,10.3378438949585,9.62255573272705,9.693024635314941,9.599782943725586,9.630125999450684,9.375617980957031,9.218338966369629,9.6287260055542,9.59581470489502,9.596994400024414,10.87054252624512,11.33571338653564,11.97279739379883
EPA043,2019-04-21 08:00:00,11.01260566711426,11.08532238006592,11.37366580963135,11.18488216400146,10.8972053527832,10.51189994812012,10.0813627243042,9.460552215576172,8.922858238220215,8.693097114562988,8.410058975219727,8.036336898803711,7.776495933532715,7.503654956817627,7.290778636932373,7.870996952056885,7.697923183441162,7.870789527893066,7.873459339141846,8.094440460205078,8.42214298248291,8.904938697814941,9.340773582458496,8.955190658569336,8.791399955749512,9.198554992675781,9.08736801147461,9.24019718170166,9.093153953552246,9.239507675170898,9.072718620300293,8.76335620880127,8.645689010620117,8.727532386779785,8.956841468811035,9.209836959838867,8.980445861816406,8.987969398498535,9.037370681762695,9.170584678649902,8.750739097595215,8.26325511932373,7.916423797607422,8.00836181640625,8.18099594116211,8.325459480285645,8.721538543701172,8.56264591217041,8.542664527893066,8.325201988220215,8.942304611206055,8.98115348815918,9.151497840881348,9.541428565979004,9.381203651428223,9.309535026550293,9.497645378112793,9.904977798461914,9.790264129638672,9.855016708374023,9.650583267211914,9.36345100402832,9.121109962463379,9.15707015991211,8.523329734802246,8.528464317321777,8.503345489501953,8.157892227172852,7.972152233123779,8.483851432800293,8.385943412780762,8.370643615722656
EPA044,2019-04-21 08:00:00,13.86158275604248,13.48194122314453,13.39709568023682,12.72037696838379,12.12953662872314,11.88964557647705,11.64328861236572,11.22549819946289,10.88087272644043,10.79631233215332,10.41440391540527,9.91504955291748,9.369880676269531,8.951273918151855,8.548293113708496,8.901053428649902,8.629720687866211,8.825178146362305,8.770179748535156,9.051172256469727,9.524991989135742,10.270583152771,11.23897457122803,11.22452831268311,11.11761093139648,11.59263134002686,11.15871047973633,10.97579574584961,10.59402275085449,10.57541751861572,10.17165660858154,9.74499225616455,9.396821975708008,9.396880149841309,9.518559455871582,9.557198524475098,9.15479850769043,9.16494083404541,9.177058219909668,9.278411865234375,9.017843246459961,8.625984191894531,8.442975997924805,8.805660247802734,9.148741722106934,9.741504669189453,10.87618064880371,11.4405403137207,12.08274173736572,12.11255645751953,12.87616729736328,12.78845691680908,12.81488990783691,13.12845802307129,12.76154041290283,12.65663146972656,12.85581493377686,13.55494976043701,13.37711334228516,13.42207813262939,13.01526069641113,12.68663501739502,12.29241275787354,12.1699686050415,11.49713897705078,11.55318927764893,11.53773975372314,11.16271305084229,11.12125205993652,11.91250896453857,12.17418670654297,12.59770107269287
EPA045,2019-04-21 08:00:00,13.42791748046875,13.49371242523193,13.42695903778076,12.41778469085693,11.79036045074463,11.75208187103271,10.98899078369141,10.81107330322266,10.86650085449219,10.68378257751465,10.22733497619629,9.90905475616455,9.55135726928711,8.747854232788086,8.16148567199707,7.827897071838379,7.870498180389404,7.476302146911621,7.137595176696777,7.077815055847168,7.141454696655273,7.658226013183594,8.935462951660156,10.07705497741699,10.48750305175781,9.886512756347656,8.948835372924805,8.051385879516602,7.879106044769287,8.469879150390625,8.774858474731445,8.810720443725586,8.625904083251953,8.845778465270996,8.31256103515625,7.790994167327881,7.020977020263672,6.676113128662109,6.618062019348145,6.822576522827148,7.073675155639648,7.538529396057129,7.517756938934326,8.258354187011719,8.575736045837402,9.759373664855957,11.20338726043701,12.630051612854,13.47660636901855,13.10934925079346,12.64913940429688,11.51467514038086,10.53580093383789,10.33411693572998,10.30642890930176,10.70861721038818,11.0612154006958,11.16942691802979,10.98978805541992,10.5451192855835,9.726964950561523,9.746170043945312,9.441975593566895,9.44347095489502,9.688616752624512,9.34192943572998,9.877485275268555,9.851491928100586,10.47762012481689,11.56980037689209,13.02908706665039,14.23326683044434
EPA046,2019-04-21 08:00:00,15.59109115600586,16.05314064025879,16.02720069885254,15.23017406463623,14.59662055969238,14.06283283233643,12.65295028686523,11.86961936950684,11.06001567840576,10.82150650024414,10.18140697479248,9.496474266052246,8.795417785644531,7.969733238220215,7.446197986602783,7.550069332122803,7.665210247039795,7.494833469390869,7.457233905792236,7.416094779968262,8.130324363708496,8.689530372619629,10.0011100769043,10.69466590881348,10.75853061676025,10.31571960449219,9.740306854248047,9.845870971679688,9.863192558288574,10.56086730957031,11.15449142456055,11.3248462677002,10.96565437316895,11.26897811889648,10.76003360748291,10.26247310638428,9.433426856994629,8.74445629119873,8.521589279174805,8.454936981201172,8.293352127075195,8.376367568969727,8.125697135925293,8.690574645996094,9.041302680969238,9.920248031616211,11.34124088287354,12.55892944335938,13.52149772644043,13.39724540710449,13.22025012969971,12.55757904052734,12.12038230895996,12.25659370422363,12.16141510009766,12.34815311431885,12.72789859771729,13.21969413757324,13.26055526733398,13.28684234619141,12.80512428283691,12.58333873748779,12.29763889312744,12.5849084854126,12.35485458374023,12.1402006149292,12.64708232879639,12.31344509124756,12.49971675872803,13.2575626373291,14.5208101272583,15.9545783996582
EPA047,2019-04-21 08:00:00,3.08918023109436,3.103250503540039,3.506651878356934,3.804449558258057,4.317618370056152,5.089650630950928,6.052278518676758,6.755360126495361,7.335924625396729,7.678291320800781,7.675983428955078,7.304975986480713,6.734440326690674,6.140204429626465,5.541244506835938,5.454481601715088,4.841225624084473,4.622737407684326,4.285753726959229,4.21418285369873,4.432926654815674,4.713520050048828,5.270862102508545,5.397464275360107,5.317148685455322,5.75489330291748,5.527073383331299,5.721779823303223,5.988823890686035,6.537059307098389,6.97990894317627,7.251143932342529,7.604774475097656,7.68813943862915,7.707642078399658,7.479683876037598,6.927376270294189,6.403064250946045,5.956849575042725,5.555574417114258,5.179989337921143,4.551403045654297,4.276330471038818,4.34438419342041,4.49247932434082,4.694952964782715,5.156946182250977,5.52103328704834,5.70734167098999,5.64668607711792,6.246995449066162,6.521265506744385,7.040600776672363,7.742105007171631,7.995492458343506,8.1738920211792,8.613272666931152,9.008733749389648,8.680213928222656,8.432849884033203,8.049668312072754,7.467996120452881,7.026978969573975,6.858833312988281,6.240955829620361,6.251166820526123,6.216773986816406,6.143252372741699,6.18971061706543,6.907855987548828,7.014423370361328,7.386600494384766
EPA048,2019-04-21 08:00:00,17.02571105957031,15.39496898651123,13.62014102935791,11.28519058227539,10.29690074920654,10.03286743164062,10.04268074035645,10.51644134521484,11.65774631500244,12.23211193084717,12.39186096191406,12.8089714050293,13.40542602539062,13.55384731292725,13.46681880950928,13.44929599761963,13.69284248352051,13.60877990722656,13.30267143249512,13.49592590332031,13.07470607757568,13.834792137146,14.77526760101318,14.87081623077393,13.80658626556396,12.65718936920166,11.26141166687012,9.704136848449707,9.659364700317383,10.01278781890869,10.01264476776123,10.20565032958984,10.10364437103271,10.13983535766602,10.30891418457031,10.08047008514404,9.679339408874512,9.682207107543945,10.06546115875244,10.52195167541504,10.27241706848145,10.60388565063477,10.4221658706665,10.97125720977783,11.10206890106201,11.98595333099365,12.96580028533936,13.58654880523682,13.85427093505859,12.73303508758545,11.91364002227783,10.73900413513184,9.912182807922363,9.929605484008789,10.27478694915771,10.76553821563721,11.15058708190918,11.09117412567139,11.1411075592041,10.8421049118042,10.47610569000244,10.73144626617432,10.70719051361084,10.99213409423828,11.42927074432373,11.54538631439209,12.22519111633301,12.50274276733398,13.06202983856201,14.12807750701904,15.46470355987549,16.12619400024414
EPA049,2019-04-21 08:00:00,10.03399562835693,10.72626495361328,11.0268440246582,10.62965202331543,10.5325403213501,10.99407482147217,10.32563781738281,10.44946002960205,10.32421398162842,10.66203689575195,10.64761257171631,10.42911243438721,9.726582527160645,8.877806663513184,8.21951675415039,8.08408260345459,8.002541542053223,7.702962875366211,7.289529323577881,7.022686958312988,7.59546422958374,8.140843391418457,9.661314964294434,11.37672805786133,12.36995792388916,12.32055473327637,11.7744255065918,11.03218173980713,11.08666896820068,11.14142227172852,11.35714721679688,11.60218143463135,11.47980499267578,11.28006935119629,10.74431610107422,9.648938179016113,8.819000244140625,7.86974048614502,7.274991035461426,6.775444984436035,6.360373020172119,6.437360286712646,6.246408462524414,6.725614070892334,6.796384334564209,7.642425537109375,8.907645225524902,10.05959510803223,11.10163974761963,10.66961193084717,9.975176811218262,9.313738822937012,9.305136680603027,9.399216651916504,9.473165512084961,9.752069473266602,10.08047389984131,10.37039184570312,10.60871887207031,10.33155918121338,9.199700355529785,9.179823875427246,8.864768028259277,8.857054710388184,9.038206100463867,8.34741497039795,9.23648452758789,9.101360321044922,9.424424171447754,10.47613620758057,11.75819969177246,13.42302513122559
EPA050,2019-04-21 08:00:00,7.987912654876709,9.231450080871582,10.03471851348877,9.96059799194336,10.25429058074951,10.38988971710205,9.432348251342773,8.78961181640625,8.477606773376465,8.786262512207031,8.26402473449707,8.277336120605469,8.443668365478516,8.344090461730957,8.324355125427246,8.892642974853516,9.531208038330078,9.579970359802246,10.1540641784668,10.41681861877441,10.96564292907715,11.86695003509521,13.20105934143066,14.81256675720215,15.85634708404541,15.64332485198975,15.60739135742188,15.50343990325928,15.54903221130371,16.18667221069336,16.76447868347168,16.75494575500488,15.96700477600098,16.04884147644043,15.09445190429688,14.15255069732666,12.98676586151123,11.71973514556885,11.18715286254883,10.9940071105957,10.72233390808105,10.9704008102417,10.40802955627441,11.09487342834473,11.16567230224609,11.87324714660645,13.13539791107178,14.58227825164795,15.97367000579834,15.43428993225098,14.6929235458374,13.37091159820557,12.76462459564209,12.75822067260742,12.69200038909912,12.64431953430176,12.6742000579834,12.48862266540527,12.46101760864258,11.70225429534912,10.8707389831543,10.26905059814453,9.594502449035645,9.68886947631836,9.594612121582031,8.805098533630371,9.467001914978027,9.040677070617676,8.965614318847656,9.50412368774414,10.7437047958374,12.27014923095703
EPA051,2019-04-21 08:00:00,24.67994499206543,23.81065559387207,22.88728713989258,20.53786277770996,18.57610511779785,17.3828067779541,16.0996150970459,15.39867496490479,15.07477951049805,15.42886447906494,15.38635063171387,15.36940383911133,15.20328712463379,15.09062099456787,14.97873592376709,15.44930744171143,15.6660737991333,16.14982223510742,16.04005432128906,16.2058219909668,16.8272705078125,18.15285110473633,20.46797752380371,21.51459503173828,21.67433929443359,22.16210174560547,21.10658836364746,20.32538414001465,19.20998191833496,18.89276885986328,18.29068565368652,17.78212547302246,17.20489692687988,17.83806228637695,18.43413734436035,18.92264747619629,18.82830810546875,19.38469886779785,19.82620620727539,20.24075508117676,20.48489761352539,20.59750175476074,20.31618881225586,21.25295639038086,21.75379943847656,23.10625839233398,25.70890235900879,27.69717597961426,29.27487373352051,28.97599411010742,28.99631309509277,27.33669471740723,25.32108306884766,24.22702026367188,22.72626495361328,22.1221809387207,22.26584243774414,23.53833198547363,23.76528549194336,24.49708366394043,24.52261924743652,24.69660949707031,24.71396827697754,25.10166168212891,24.6486644744873,24.88087272644043,24.97491836547852,24.58568572998047,24.59936332702637,25.92554092407227,27.52982521057129,28.89988899230957
EPA052,2019-04-21 08:00:00,21.65264892578125,20.59049606323242,19.40518569946289,17.3246955871582,16.10910797119141,15.3732967376709,14.50831508636475,14.23077583312988,13.97660350799561,13.89314270019531,13.65288066864014,13.35609149932861,13.17465400695801,12.85859107971191,12.87440776824951,13.35339546203613,13.76420402526855,13.92390155792236,13.83041477203369,13.93747329711914,14.30173301696777,15.23623752593994,16.41332054138184,16.10344696044922,14.56904983520508,13.00189781188965,11.28344917297363,10.01790046691895,9.3680419921875,9.784778594970703,9.98715591430664,10.04359436035156,9.60053825378418,9.834417343139648,9.629034996032715,9.428232192993164,9.101661682128906,9.23521900177002,9.733255386352539,10.21646118164062,10.40040016174316,10.948486328125,11.00328063964844,11.94091606140137,12.32587146759033,13.74686908721924,15.12132930755615,15.54587841033936,15.33374786376953,14.53391933441162,13.9705228805542,12.57897281646729,11.06199550628662,10.46688079833984,9.923799514770508,9.816051483154297,9.648393630981445,9.65295696258545,9.377796173095703,9.43030834197998,9.120715141296387,9.419398307800293,9.6609525680542,10.26546573638916,10.71935081481934,11.23311614990234,12.02969169616699,12.3520975112915,13.08074474334717,14.68940830230713,16.28631401062012,17.14947319030762
EPA053,2019-04-21 08:00:00,24.03222465515137,22.70299911499023,21.6378116607666,19.71048927307129,18.37881088256836,17.37668418884277,16.59413719177246,16.52353477478027,17.71468544006348,18.30158805847168,18.81632995605469,19.34158134460449,20.20532608032227,20.51490020751953,20.62645149230957,20.70793342590332,20.96304893493652,20.84420394897461,20.07769203186035,19.82139778137207,19.14306259155273,19.35371208190918,20.3629035949707,20.63631820678711,19.66839027404785,18.53456878662109,16.70467376708984,15.57136821746826,15.59965229034424,16.47116661071777,16.68915748596191,16.69268035888672,17.08792304992676,17.56453323364258,17.93655967712402,18.11935043334961,17.38833236694336,17.09054756164551,17.05230522155762,17.10915184020996,16.92863655090332,16.64187622070312,15.85417079925537,16.08675575256348,15.94837760925293,16.4814567565918,17.31468200683594,17.96145820617676,18.17347145080566,17.19704437255859,17.44414710998535,17.3347225189209,16.81185531616211,17.40410614013672,17.825439453125,18.50640678405762,19.36259078979492,19.64736938476562,19.50284957885742,19.45925521850586,19.26150894165039,19.19007110595703,19.18623542785645,19.49501419067383,19.38117027282715,19.3200626373291,19.62870407104492,19.48908615112305,19.66843032836914,20.30266189575195,21.50651931762695,22.47229385375977
EPA054,2019-04-21 08:00:00,12.08455181121826,12.3847188949585,11.90414428710938,10.82272052764893,10.39538860321045,10.40491962432861,8.969682693481445,8.363348007202148,7.486347675323486,7.567692756652832,7.389123439788818,7.630342960357666,7.652207374572754,7.547154903411865,7.54420804977417,8.396103858947754,9.080007553100586,9.200605392456055,9.358478546142578,9.467788696289062,10.04468154907227,10.82026767730713,11.63467311859131,12.27738761901855,12.41452026367188,11.59622764587402,11.31664085388184,9.953387260437012,9.986732482910156,9.514762878417969,9.364988327026367,9.700369834899902,9.160516738891602,8.734659194946289,8.469374656677246,7.499387741088867,7.460010528564453,7.273515701293945,7.695756912231445,8.132104873657227,7.434769630432129,8.16753101348877,8.239052772521973,8.883731842041016,8.971826553344727,9.716434478759766,10.63919639587402,10.82109832763672,11.52583122253418,10.47227764129639,8.772489547729492,7.725096702575684,7.687143802642822,7.584404945373535,7.797415733337402,7.936884880065918,7.901174068450928,7.610025405883789,8.357613563537598,7.97346019744873,6.564693450927734,6.830845832824707,6.669158935546875,6.644495487213135,7.176627635955811,6.101157665252686,7.351425170898438,7.080558776855469,7.074612140655518,7.747049808502197,8.715505599975586,9.611554145812988
EPA056,2019-04-21 08:00:00,8.442046165466309,8.397472381591797,8.706815719604492,8.222341537475586,7.863119125366211,7.936637878417969,7.857274532318115,7.673790454864502,7.641187191009521,7.538235664367676,7.259475231170654,6.858482360839844,6.69266414642334,6.338789463043213,6.101986408233643,6.471259593963623,6.31186056137085,6.410276889801025,6.664229393005371,6.965122222900391,7.458854198455811,8.105299949645996,9.150157928466797,9.33581829071045,9.039424896240234,8.544878005981445,7.271684169769287,6.876520156860352,6.094682693481445,6.689304828643799,6.898605346679688,6.63292121887207,6.642886161804199,7.238941669464111,7.058218955993652,7.205530643463135,6.692094802856445,6.669133186340332,6.509922027587891,6.833215236663818,7.210240840911865,7.066083431243896,6.840087413787842,7.373907089233398,7.847635269165039,8.873220443725586,9.940595626831055,10.64212894439697,10.56088161468506,10.14946556091309,10.50197792053223,9.605688095092773,8.960284233093262,9.192686080932617,9.156296730041504,9.5442533493042,10.12860870361328,10.94410037994385,10.87862014770508,10.94083309173584,10.96384906768799,10.95553302764893,10.61758708953857,10.95746803283691,10.4185962677002,10.62087249755859,10.518723487854,10.17956161499023,10.69010925292969,11.68000793457031,12.20182037353516,12.58788299560547
EPA057,2019-04-21 08:00:00,11.87502956390381,11.58816528320312,11.14964008331299,9.916668891906738,9.021286964416504,8.819092750549316,8.262022972106934,7.829029560089111,7.119717597961426,6.752485275268555,6.236799716949463,5.772021770477295,5.245686054229736,4.801034927368164,4.543090343475342,4.981407642364502,5.118107318878174,5.499190807342529,5.782741069793701,6.274630546569824,7.037352085113525,8.01296329498291,9.541158676147461,10.23087978363037,10.46857833862305,10.3439245223999,9.522706985473633,8.732905387878418,8.027300834655762,7.97748327255249,7.900742530822754,7.700417041778564,7.579636096954346,7.70564603805542,7.611922264099121,7.310955047607422,6.982471942901611,7.086672782897949,7.07228422164917,7.401344776153564,7.293983936309814,7.339145660400391,7.257686138153076,7.888818264007568,8.259093284606934,9.127473831176758,10.2660961151123,10.91565704345703,11.02340602874756,10.29458618164062,9.79565143585205,8.745187759399414,8.344616889953613,8.437005043029785,8.417070388793945,8.716798782348633,9.032354354858398,9.551983833312988,9.576515197753906,9.306342124938965,8.657652854919434,8.712764739990234,8.43159008026123,8.456873893737793,8.375298500061035,8.255166053771973,8.607294082641602,8.434584617614746,8.949333190917969,10.0209846496582,10.78496551513672,11.27779960632324
EPA058,2019-04-21 08:00:00,13.16617679595947,12.8547420501709,12.27697086334229,10.98187923431396,10.03702735900879,9.491474151611328,8.513998985290527,7.953158855438232,7.373757362365723,7.202650547027588,7.025921821594238,6.821351528167725,6.752646446228027,6.495710372924805,6.407475471496582,6.952318668365479,7.084906101226807,7.149727344512939,7.364414215087891,7.587562084197998,8.141995429992676,8.766074180603027,9.687141418457031,9.731985092163086,9.148639678955078,8.114351272583008,6.897465705871582,6.181589126586914,5.529916763305664,5.837700366973877,6.034440994262695,5.999453067779541,5.830503463745117,6.186589241027832,6.038791179656982,5.969493389129639,5.655046463012695,5.639871597290039,5.710587024688721,6.092797756195068,6.160038948059082,6.327519416809082,6.223649501800537,6.738591194152832,7.124268531799316,8.080320358276367,9.030295372009277,9.363280296325684,9.23232364654541,8.549713134765625,8.106337547302246,7.053115844726562,6.469963073730469,6.533614158630371,6.608438014984131,6.987586975097656,7.380425453186035,7.888546466827393,8.189077377319336,8.40904712677002,8.234102249145508,8.538830757141113,8.473137855529785,8.953777313232422,8.882096290588379,8.861892700195312,9.259183883666992,9.018706321716309,9.479455947875977,10.37532806396484,11.1722936630249,11.72001457214355
EPA059,2019-04-21 08:00:00,21.63278961181641,21.28498077392578,20.76666069030762,19.6186351776123,18.51370429992676,17.942138671875,16.43077659606934,15.53005409240723,14.51223945617676,13.97588539123535,13.72842693328857,13.19793891906738,12.45113754272461,11.60222816467285,11.16714286804199,11.45588111877441,11.4338960647583,11.36849212646484,10.70394897460938,10.56990432739258,10.89951038360596,11.33724975585938,12.28665065765381,12.730637550354,12.94568061828613,12.6334114074707,11.94450187683105,11.09184741973877,11.27243328094482,11.34662342071533,11.22103977203369,11.20381832122803,11.36717891693115,11.12568187713623,11.10087490081787,10.55964374542236,10.25123882293701,10.18293190002441,10.17655849456787,10.24085712432861,9.583765983581543,9.549362182617188,9.391524314880371,9.620067596435547,9.55805778503418,10.05018997192383,10.58474826812744,10.39712047576904,10.26446914672852,9.346364974975586,8.92341423034668,8.869792938232422,9.168340682983398,9.508505821228027,9.637655258178711,10.02861022949219,10.28907871246338,10.39869594573975,10.50175285339355,10.25302124023438,8.876930236816406,9.120885848999023,9.073617935180664,8.898566246032715,9.114681243896484,8.440149307250977,9.1763334274292,8.978530883789062,9.184408187866211,10.07991600036621,10.77499866485596,11.5034065246582
EPA060,2019-04-21 08:00:00,12.35391426086426,12.974778175354,13.57203674316406,13.56581783294678,13.54416084289551,13.43458461761475,12.82917785644531,12.39012622833252,12.54181575775146,12.61307334899902,12.02656650543213,11.64085674285889,11.18166160583496,10.37642192840576,9.475484848022461,8.927021980285645,8.528091430664062,7.982624530792236,7.428145885467529,7.336257457733154,7.132569789886475,7.507214069366455,8.305534362792969,9.342634201049805,10.60886669158936,11.88211154937744,12.56245040893555,12.92130470275879,13.62537574768066,13.89586162567139,13.58264064788818,13.26579093933105,12.60027122497559,12.25979328155518,11.97279739379883,11.60218048095703,10.55012130737305,9.686365127563477,9.393592834472656,9.00386905670166,8.428240776062012,8.106992721557617,7.720890522003174,7.846253871917725,7.954394817352295,8.210220336914062,9.351982116699219,10.7493953704834,12.84176826477051,13.40780353546143,14.19138717651367,14.34875774383545,14.59572792053223,14.92294120788574,14.83646297454834,14.85378932952881,15.19602203369141,15.49665641784668,15.43021583557129,15.22608089447021,14.61092758178711,14.18741130828857,13.64970016479492,13.35810375213623,12.9122953414917,12.48033332824707,12.73800849914551,12.38887023925781,12.07939052581787,12.4152307510376,13.07744026184082,14.28225994110107
EPA061,2019-04-21 08:00:00,9.157452583312988,9.180550575256348,9.481803894042969,9.24389362335205,9.326069831848145,9.688154220581055,9.514976501464844,9.248876571655273,9.206289291381836,8.815900802612305,8.253547668457031,8.132885932922363,8.225146293640137,8.020933151245117,7.883299350738525,8.311013221740723,8.570302963256836,8.697322845458984,8.59423828125,8.887673377990723,8.690464973449707,9.206151008605957,9.584274291992188,9.580458641052246,9.638060569763184,9.603446960449219,9.417240142822266,8.479872703552246,8.806843757629395,8.885422706604004,8.598374366760254,8.57430362701416,8.574378967285156,8.318109512329102,8.378954887390137,8.134926795959473,7.97598934173584,8.193120956420898,8.714345932006836,9.294239044189453,8.775931358337402,8.897035598754883,8.734649658203125,9.07163143157959,9.127913475036621,9.437834739685059,9.663252830505371,9.430464744567871,9.45752239227295,8.568788528442383,8.264423370361328,8.11977767944336,8.450738906860352,9.033785820007324,9.710709571838379,10.27824115753174,10.75504684448242,10.55535221099854,10.66904640197754,9.986266136169434,9.01085090637207,9.135839462280273,8.93007755279541,8.661075592041016,8.779912948608398,8.304544448852539,8.83340835571289,8.706867218017578,8.855605125427246,9.413900375366211,9.611143112182617,9.47203540802002
EPA062,2019-04-21 08:00:00,15.24233150482178,14.01319408416748,13.57423400878906,12.51613140106201,11.46169662475586,11.22842597961426,11.36336231231689,11.14693641662598,11.26256656646729,10.99167060852051,11.13368511199951,10.80792713165283,10.5805082321167,10.20927047729492,10.01288890838623,10.33013153076172,9.899476051330566,10.07279586791992,9.672257423400879,9.925745010375977,9.966843605041504,10.55324935913086,11.53496837615967,11.85420036315918,12.01156616210938,12.04691886901855,10.80764198303223,10.05105495452881,9.560914039611816,10.10608100891113,10.05776023864746,9.576386451721191,10.29227924346924,10.579514503479,10.82477855682373,11.00365924835205,10.62343978881836,10.87264156341553,10.41908836364746,10.53556251525879,10.49545097351074,9.900886535644531,9.507718086242676,9.62944221496582,9.608348846435547,10.07621288299561,10.29131317138672,10.09266376495361,9.031210899353027,7.967439651489258,8.45756721496582,8.158005714416504,8.01223373413086,8.44697380065918,8.420029640197754,8.840584754943848,9.212581634521484,9.572381019592285,8.976846694946289,8.434274673461914,7.659753799438477,7.534170150756836,7.159205436706543,6.892611503601074,6.521281242370605,6.380408763885498,6.116325378417969,5.996541500091553,6.478563785552979,7.599926471710205,7.674426555633545,7.534484386444092
EPA063,2019-04-21 08:00:00,10.73380279541016,10.6976432800293,11.03211212158203,10.70876407623291,10.42602062225342,10.42350673675537,10.74420833587646,10.85560989379883,10.9093599319458,10.83238697052002,10.5697546005249,9.72382640838623,8.777334213256836,7.737839221954346,6.925060749053955,6.578787803649902,5.763522148132324,5.607632637023926,5.246891021728516,5.363584518432617,5.734110832214355,6.466102123260498,7.71199369430542,8.212340354919434,8.65058422088623,9.56943130493164,9.081056594848633,9.323126792907715,8.939126014709473,9.292731285095215,9.169614791870117,8.69100284576416,8.584907531738281,8.740074157714844,8.68297290802002,8.817654609680176,8.081921577453613,7.761397361755371,7.251302242279053,6.868006706237793,6.829599857330322,6.195871829986572,5.903049468994141,6.099083423614502,6.407902240753174,7.093804836273193,8.00987720489502,8.678916931152344,8.777900695800781,8.816537857055664,9.694942474365234,9.046843528747559,8.452281951904297,8.291047096252441,7.667129516601562,7.566911697387695,7.787625312805176,8.62977123260498,8.244588851928711,8.55880069732666,8.77043628692627,8.852029800415039,8.751961708068848,9.128562927246094,8.700629234313965,9.433293342590332,9.375592231750488,9.509515762329102,10.04346466064453,11.45157432556152,12.03521347045898,12.64635753631592
EPA064,2019-04-21 08:00:00,12.99883937835693,12.24400615692139,11.41974639892578,9.992578506469727,8.958589553833008,8.51219367980957,8.382359504699707,8.485148429870605,8.854887008666992,9.520013809204102,9.614899635314941,10.09164047241211,10.22414207458496,10.67251300811768,10.50406837463379,10.70497226715088,10.65545749664307,11.01731395721436,11.06062889099121,11.49839496612549,11.71039867401123,12.3773889541626,13.74511241912842,14.50924015045166,14.68288898468018,15.24639225006104,14.59310150146484,13.32429122924805,12.42982006072998,11.17277145385742,9.826557159423828,9.105649948120117,8.282123565673828,7.618536949157715,7.9241623878479,7.599386215209961,6.860599040985107,6.421775341033936,6.241711616516113,5.855496883392334,5.224929809570312,4.585813522338867,4.278736114501953,4.53706169128418,4.802123546600342,5.106241226196289,6.670451164245605,7.795667171478271,9.725481986999512,10.13565921783447,10.90288543701172,11.50348663330078,12.6745023727417,13.83245372772217,14.30922603607178,14.66330718994141,15.28628540039062,16.26195335388184,16.6230354309082,16.85472679138184,16.45738410949707,16.11653327941895,15.67472076416016,15.30299472808838,14.68831443786621,14.47294330596924,14.80269241333008,14.25666809082031,14.0394115447998,14.25605297088623,14.56299495697021,15.39694118499756
EPA065,2019-04-21 08:00:00,7.368921756744385,8.076051712036133,8.766758918762207,8.857277870178223,9.179112434387207,9.446647644042969,9.169967651367188,9.044917106628418,8.832313537597656,8.98169994354248,8.74560546875,8.977985382080078,9.19376277923584,9.428159713745117,9.613714218139648,10.43749713897705,10.87359809875488,11.33731079101562,11.5375280380249,11.76442241668701,11.98006057739258,12.49034786224365,13.24270343780518,13.43088340759277,13.34493446350098,13.4508638381958,13.18536186218262,12.43342113494873,12.27712345123291,11.79906368255615,11.42266464233398,11.44598197937012,11.25139713287354,11.12539291381836,11.4529972076416,11.32754516601562,11.18893146514893,11.11697864532471,11.5615177154541,11.68200302124023,10.98890590667725,10.72824573516846,10.25818824768066,10.52688026428223,10.58743953704834,10.62320232391357,11.21697044372559,11.19558429718018,11.65864181518555,10.94189071655273,10.6839485168457,10.74777507781982,11.35787010192871,12.17798233032227,12.86650657653809,13.27895164489746,13.99139785766602,14.42622947692871,15.0418586730957,15.1581392288208,14.81915187835693,14.92068672180176,14.9858283996582,15.07915782928467,14.85536575317383,14.55906581878662,15.15782833099365,14.74678993225098,14.501220703125,14.74829769134521,14.95686435699463,15.19935417175293
EPA066,2019-04-21 08:00:00,12.21681976318359,12.88130187988281,13.5719690322876,13.58455371856689,13.65988349914551,13.75419521331787,13.43142604827881,13.41633033752441,13.3257999420166,13.32519435882568,13.27909469604492,12.96160316467285,12.3983097076416,11.76180458068848,11.2222957611084,11.2702169418335,11.12711906433105,11.27840423583984,10.6859884262085,10.61363887786865,10.77462482452393,11.21187019348145,12.33355617523193,12.990553855896,13.59207534790039,14.37088298797607,14.12070083618164,13.72378063201904,13.80247783660889,13.5784330368042,13.26012992858887,13.09155750274658,13.43518924713135,13.2766170501709,13.65146446228027,13.44955062866211,13.12684059143066,12.88888549804688,12.74907112121582,12.52384376525879,11.66814804077148,11.07566356658936,10.49325847625732,10.49768161773682,10.31973457336426,10.26862812042236,10.58767127990723,10.53816509246826,10.38892936706543,9.594833374023438,9.547388076782227,9.531813621520996,9.757378578186035,10.11701774597168,10.1212215423584,10.28104019165039,10.65007400512695,10.96755981445312,10.84364891052246,10.69668865203857,10.11446571350098,10.00803756713867,10.00219917297363,10.02058696746826,9.917059898376465,9.822257041931152,10.31793785095215,10.30204772949219,10.38203048706055,11.24948501586914,11.68713855743408,12.15945816040039
EPA067,2019-04-21 08:00:00,12.70694828033447,12.5617618560791,13.47791481018066,14.05534172058105,14.54567050933838,15.51826095581055,16.94402313232422,18.202880859375,19.3637523651123,20.12291145324707,20.32256698608398,19.62176322937012,18.17681884765625,17.05660820007324,16.04767036437988,15.32703685760498,14.21314430236816,13.94649505615234,12.61193466186523,12.02364063262939,12.12029457092285,12.39900684356689,13.87999725341797,14.84818077087402,15.22860813140869,16.75872421264648,16.24042701721191,16.36255836486816,16.6894474029541,16.94621658325195,16.86215019226074,16.8100471496582,17.11824607849121,16.84941291809082,16.95122528076172,16.45897674560547,15.29234790802002,14.27035140991211,13.35012722015381,11.90659618377686,11.36684226989746,10.0366153717041,9.516070365905762,9.57174015045166,9.535374641418457,9.803288459777832,11.08533477783203,12.23952865600586,13.43335247039795,14.10131168365479,16.10554122924805,17.59494400024414,18.50494194030762,19.42849159240723,19.1358814239502,18.98037338256836,19.46232604980469,20.37711906433105,19.51214790344238,19.50541496276855,18.81208992004395,17.93450927734375,17.60093879699707,17.09752082824707,16.23317909240723,16.54986381530762,16.54428863525391,16.56347846984863,16.47314643859863,17.67020225524902,18.2100772857666,19.6285228729248
EPA068,2019-04-21 08:00:00,8.51086139678955,10.39032363891602,12.59012413024902,13.75141525268555,14.85002613067627,16.16915702819824,15.96035289764404,16.52293395996094,16.38118934631348,17.63099479675293,18.31387329101562,18.46468353271484,17.6420841217041,17.3870792388916,17.06615829467773,18.16483879089355,18.37796592712402,19.01030921936035,18.59470176696777,18.00814628601074,19.31812286376953,20.1153678894043,21.70690727233887,22.48072052001953,22.55053901672363,23.21410369873047,22.53952598571777,21.39997673034668,20.55167198181152,19.07951164245605,18.12152671813965,18.04467582702637,17.6692943572998,17.39286613464355,17.74726104736328,17.03280639648438,17.2698802947998,17.08254814147949,17.27836036682129,17.04696273803711,16.44295692443848,16.31551742553711,16.13691711425781,16.95331192016602,17.08057594299316,18.04147148132324,20.05818939208984,20.81352996826172,22.14361000061035,22.15694236755371,22.33375549316406,22.37249755859375,22.19563102722168,21.71987724304199,20.15661430358887,18.93564796447754,18.5057258605957,19.29815483093262,19.4309196472168,19.75043869018555,18.59234237670898,17.86371803283691,17.58576774597168,17.46647453308105,16.8099536895752,16.28996086120605,17.1145191192627,16.54570770263672,15.89908599853516,17.26959228515625,17.94589805603027,19.43741798400879
EPA069,2019-04-21 08:00:00,17.78962707519531,17.45345115661621,16.85999870300293,15.92212867736816,15.64438247680664,14.95717239379883,14.3961877822876,13.84351539611816,13.98667430877686,14.21571350097656,13.90095043182373,13.92888069152832,14.16439247131348,13.9888973236084,13.58015537261963,13.57877254486084,13.34746265411377,13.00703239440918,12.74448680877686,12.96281719207764,12.41375541687012,12.9074592590332,12.78457641601562,11.94484806060791,11.2898063659668,11.37782955169678,11.51035690307617,11.43198299407959,11.64228057861328,11.63625335693359,10.98753070831299,10.50773048400879,9.525390625,9.281279563903809,9.512887001037598,9.823853492736816,9.449073791503906,9.343454360961914,9.960827827453613,10.27036380767822,9.61925220489502,9.504161834716797,9.209579467773438,9.235968589782715,9.3366060256958,9.396656036376953,10.07477188110352,10.24258136749268,11.10930252075195,10.99205684661865,11.26119327545166,10.70441055297852,10.2616024017334,10.20303535461426,9.81312370300293,9.484570503234863,9.325176239013672,9.351298332214355,9.34854507446289,9.675975799560547,9.796072959899902,9.692550659179688,9.625261306762695,9.816657066345215,9.583649635314941,9.766128540039062,10.03391075134277,9.837642669677734,9.438424110412598,9.738470077514648,10.10971546173096,10.36955070495605
EPA070,2019-04-21 08:00:00,17.61984634399414,17.81248664855957,18.87603187561035,18.83790969848633,18.60440826416016,19.39573287963867,19.91049766540527,20.7997875213623,21.39582443237305,22.26870536804199,22.83768463134766,22.66765594482422,21.60050964355469,20.90572547912598,20.40592956542969,20.26096725463867,19.54243469238281,19.73919486999512,18.82953834533691,18.39496040344238,18.89208984375,19.40591621398926,21.82998466491699,23.61542129516602,24.12149429321289,24.58860778808594,22.41419792175293,21.02622032165527,19.6103343963623,18.95201301574707,18.19192504882812,17.60845184326172,17.78119468688965,17.98399353027344,18.21902847290039,17.92267608642578,17.02318000793457,16.54644203186035,15.87582015991211,14.7900915145874,14.89692401885986,13.87406158447266,13.31976509094238,13.77771949768066,13.9038200378418,14.85022449493408,17.09390068054199,18.67288589477539,19.69524955749512,19.60166168212891,20.80144500732422,21.15450859069824,21.27961921691895,21.97844314575195,21.59957504272461,21.85295677185059,22.80373001098633,24.70114135742188,24.70297622680664,25.52968406677246,25.05425453186035,25.05520629882812,25.09560012817383,24.99692726135254,24.27255439758301,24.3714656829834,24.51419830322266,23.96759223937988,24.1992301940918,25.57593154907227,26.55648231506348,28.31870079040527
EPA071,2019-04-21 08:00:00,8.125595092773438,8.492703437805176,8.335770606994629,7.511153697967529,7.044502258300781,6.958343982696533,6.157018661499023,5.732874870300293,4.826464176177979,4.608864784240723,4.230592727661133,4.03175163269043,3.664924144744873,3.334782600402832,3.098866701126099,3.676845073699951,3.905628681182861,4.206534385681152,4.542991161346436,4.920711994171143,5.692580699920654,6.508860111236572,7.598947525024414,8.042193412780762,8.251941680908203,8.156671524047852,7.799484729766846,7.00362491607666,6.442630767822266,5.908466815948486,5.615386962890625,5.569919586181641,5.237967967987061,5.13343334197998,5.15683126449585,4.820293426513672,4.790915966033936,4.890820503234863,5.154593944549561,5.526065349578857,5.12458610534668,5.31514310836792,5.31364107131958,5.813771724700928,6.150184154510498,6.78373908996582,7.698088645935059,7.964541435241699,8.218562126159668,7.550662517547607,6.650026798248291,5.632952690124512,5.488286972045898,5.486876487731934,5.564150810241699,5.760133743286133,5.997622489929199,6.41575288772583,6.939731121063232,6.994376182556152,6.479848861694336,6.76830005645752,6.685747146606445,6.880488395690918,6.945559024810791,6.690223693847656,7.348392486572266,7.143358707427979,7.414683818817139,8.231908798217773,8.821564674377441,9.22083854675293
EPA072,2019-04-21 08:00:00,7.897716045379639,7.761255741119385,8.15023422241211,8.07904052734375,7.869146347045898,7.581162452697754,7.78661584854126,7.885386943817139,8.7014741897583,9.255021095275879,9.839855194091797,9.948250770568848,10.25317668914795,10.11208820343018,9.771114349365234,9.752674102783203,8.96912956237793,8.57835865020752,8.168085098266602,8.051539421081543,7.830615520477295,7.976864337921143,8.316880226135254,8.450714111328125,8.598526954650879,9.07805347442627,8.498249053955078,8.743305206298828,8.57522201538086,9.117878913879395,9.014116287231445,8.537745475769043,8.64119815826416,8.891613006591797,9.059708595275879,9.538572311401367,8.763957023620605,8.143121719360352,7.388677597045898,6.874282836914062,6.734860897064209,5.800590515136719,5.134228229522705,4.842595100402832,4.884069919586182,5.081989765167236,5.28862190246582,5.420335292816162,5.462234973907471,5.490352630615234,6.787032127380371,6.834728717803955,6.901445388793945,7.343119621276855,7.315097332000732,7.522629737854004,8.094451904296875,8.857756614685059,8.880569458007812,9.412363052368164,9.974838256835938,9.993537902832031,9.804293632507324,10.29477596282959,9.522516250610352,9.832834243774414,9.548784255981445,9.317329406738281,9.361428260803223,9.973638534545898,9.93398380279541,10.27835273742676
EPA075,2019-04-21 08:00:00,23.31964492797852,23.51688957214355,23.65376281738281,23.45521545410156,23.87789916992188,24.51958084106445,24.65242958068848,24.8650951385498,24.75336456298828,25.83776092529297,25.91595077514648,25.90140533447266,25.08791542053223,24.49548721313477,24.07740783691406,24.4005184173584,23.76218414306641,23.8488597869873,23.05945014953613,22.67677879333496,22.72436332702637,23.39534568786621,24.4306526184082,24.1470832824707,23.48171043395996,24.46665191650391,24.22210884094238,24.30879592895508,24.27717971801758,23.64592552185059,23.08180236816406,23.35733985900879,23.1270809173584,23.86257934570312,25.41960716247559,26.26261138916016,26.9143009185791,27.73385238647461,29.16293144226074,29.20906829833984,28.40466117858887,27.80386352539062,27.25803565979004,27.39225578308105,27.48728179931641,27.36153602600098,29.55831718444824,30.63231086730957,32.24028396606445,31.41213607788086,31.21257591247559,30.57795715332031,29.83859252929688,29.67949867248535,28.68235778808594,28.02209281921387,28.72200393676758,30.70075225830078,31.82101631164551,33.74861907958984,33.99358367919922,34.27250289916992,34.89329147338867,35.01368713378906,34.00389099121094,33.98530197143555,33.91440963745117,32.87179183959961,31.5218448638916,31.80296325683594,32.41794204711914,33.42414855957031
EPA077,2019-04-21 08:00:00,29.46273803710938,28.44580078125,26.74752998352051,24.6130313873291,22.59144592285156,21.16670608520508,18.95890998840332,17.9014778137207,17.1950626373291,17.59046363830566,17.97035980224609,18.13488388061523,17.63518524169922,16.93862915039062,16.18441009521484,16.01977157592773,15.44325256347656,14.7760705947876,13.43759918212891,12.74940490722656,12.64285469055176,12.78526782989502,13.46779823303223,13.85472202301025,14.16908931732178,14.82999324798584,14.9915771484375,14.7274284362793,15.26472568511963,14.7734317779541,14.1099271774292,14.2445764541626,13.94655513763428,13.92543315887451,14.88014984130859,15.11396789550781,15.31668090820312,15.61278915405273,16.1801815032959,16.15957450866699,15.3327169418335,15.23977851867676,15.15386581420898,15.09743499755859,15.16689395904541,15.39544486999512,17.08761596679688,18.15221786499023,20.36417198181152,20.4544792175293,20.3958854675293,20.52067565917969,20.51368713378906,20.27975845336914,19.61235237121582,19.34931564331055,19.72396659851074,20.74906921386719,21.79416656494141,22.96403694152832,22.15011978149414,22.45709991455078,22.54690742492676,22.28179740905762,21.83058738708496,20.81413078308105,21.12861633300781,20.31112098693848,19.32749557495117,19.42814254760742,20.25209999084473,21.67680931091309
EPA078,2019-04-21 08:00:00,10.65169906616211,10.2463903427124,9.80882740020752,8.87634563446045,8.330636024475098,8.376383781433105,7.847879409790039,7.738616943359375,7.686997413635254,7.621758937835693,7.51068639755249,7.465227603912354,7.348963260650635,7.038132190704346,6.692107200622559,7.032868385314941,7.152875900268555,7.175646781921387,6.788083553314209,6.759120941162109,6.92298698425293,7.391772270202637,8.04147720336914,8.111978530883789,7.971123218536377,7.965235233306885,7.686737537384033,6.820492744445801,7.176867961883545,7.125971794128418,6.993825912475586,7.3475022315979,7.613807201385498,7.524573802947998,7.920558452606201,7.715873241424561,7.887539386749268,8.246380805969238,8.726546287536621,9.28303337097168,8.743212699890137,8.938620567321777,8.944379806518555,9.31346321105957,9.493749618530273,10.03784465789795,10.65926074981689,10.77077579498291,11.12331676483154,10.45635890960693,9.974223136901855,9.800094604492188,9.962377548217773,10.18459320068359,10.49938774108887,10.86367511749268,11.33554363250732,11.48066329956055,11.86075019836426,11.5678014755249,10.6296854019165,10.7662878036499,10.58377361297607,10.43461799621582,10.43734455108643,9.91502857208252,10.45694160461426,10.33123588562012,10.4079122543335,11.13088130950928,11.60800647735596,11.86526393890381
EPA080,2019-04-21 08:00:00,10.75213146209717,10.34091377258301,10.55890941619873,10.56276512145996,10.64762020111084,11.07802772521973,11.38498115539551,11.52010726928711,11.83407974243164,11.98858642578125,12.0919771194458,11.63476753234863,11.18069362640381,10.60262012481689,10.18224620819092,10.48520660400391,10.02808952331543,9.878528594970703,9.321492195129395,9.103117942810059,9.29763126373291,9.554375648498535,9.976181983947754,9.706483840942383,9.212343215942383,9.139978408813477,8.481590270996094,8.563345909118652,9.031591415405273,10.0011510848999,10.58799839019775,10.88891124725342,11.56552124023438,11.88153266906738,12.01731967926025,11.92393493652344,11.57578372955322,11.36051750183105,11.06392478942871,11.00579071044922,10.63307666778564,10.09889984130859,9.737103462219238,9.817720413208008,9.835610389709473,10.17723369598389,10.45710468292236,10.36209774017334,9.983864784240723,9.415363311767578,10.02730941772461,10.3869571685791,10.71948909759521,11.37533473968506,11.45292663574219,11.64603424072266,12.06528949737549,12.36776542663574,11.98137283325195,11.61730194091797,10.86464595794678,10.33491516113281,9.887334823608398,9.708731651306152,9.051459312438965,8.792753219604492,8.708900451660156,8.454559326171875,8.405477523803711,9.198745727539062,9.281209945678711,9.578580856323242
