SITE ID,datetime,t+1,t+2,t+3,t+4,t+5,t+6,t+7,t+8,t+9,t+10,t+11,t+12,t+13,t+14,t+15,t+16,t+17,t+18,t+19,t+20,t+21,t+22,t+23,t+24,t+25,t+26,t+27,t+28,t+29,t+30,t+31,t+32,t+33,t+34,t+35,t+36,t+37,t+38,t+39,t+40,t+41,t+42,t+43,t+44,t+45,t+46,t+47,t+48,t+49,t+50,t+51,t+52,t+53,t+54,t+55,t+56,t+57,t+58,t+59,t+60,t+61,t+62,t+63,t+64,t+65,t+66,t+67,t+68,t+69,t+70,t+71,t+72
EPA001,2019-07-31 08:00:00,1.0,5.0,4.0,1.0,4.0,4.0,4.0,4.0,5.0,6.0,5.0,2.0,4.0,1.0,1.0,1.0,1.0,2.0,2.0,4.0,5.0,5.0,5.0,4.0,5.0,4.0,6.0,5.0,5.0,5.0,5.0,5.0,6.0,5.0,5.0,5.0,4.0,4.0,2.0,1.0,4.0,4.0,4.0,2.0,2.0,5.0,4.0,5.0,5.0,6.0,4.0,5.0,5.0,6.0,2.0,7.0,6.0,4.0,5.0,2.0,4.0,2.0,2.0,1.0,1.0,2.0,2.0,2.0,4.0,6.0,6.0,4.0
EPA002,2019-07-31 08:00:00,8.0,9.0,10.0,8.0,6.0,8.0,10.0,10.0,9.0,9.0,9.0,8.0,8.0,6.0,3.0,5.0,6.0,8.0,12.0,11.0,7.0,8.0,10.0,8.0,11.0,12.0,11.0,8.0,7.0,8.0,9.0,11.0,12.0,8.0,6.0,5.0,2.0,4.0,9.0,10.0,6.0,4.0,6.0,5.0,4.0,2.0,3.0,3.0,2.0,6.0,14.0,12.0,6.0,8.0,8.0,6.0,9.0,10.0,8.0,7.0,5.0,4.0,4.0,5.0,4.0,2.0,4.0,7.0,9.0,9.0,7.0,6.0
EPA003,2019-07-31 08:00:00,15.47368421,15.48245614,15.49122807,15.5,15.50877193,15.51754386,15.52631579,15.53508772,15.54385965,15.55263158,15.56140351,15.57017544,15.57894737,15.5877193,15.59649123,15.60526316,15.61403509,15.62280702,15.63157895,15.64035088,15.64912281,15.65789474,15.66666667,15.6754386,15.68421053,15.69298246,15.70175439,15.71052632,15.71929825,15.72807018,15.73684211,15.74561404,15.75438596,15.76315789,15.77192982,15.78070175,15.78947368,15.79824561,15.80701754,15.81578947,15.8245614,15.83333333,15.84210526,15.85087719,15.85964912,15.86842105,15.87719298,15.88596491,15.89473684,15.90350877,15.9122807,15.92105263,15.92982456,15.93859649,15.94736842,15.95614035,15.96491228,15.97368421,15.98245614,15.99122807,16.0,16.00877193,16.01754386,16.02631579,16.03508772,16.04385965,16.05263158,16.06140351,16.07017544,16.07894737,16.0877193,16.09649123
EPA004,2019-07-31 08:00:00,5.0,5.0,5.0,3.0,5.0,8.0,6.0,3.0,5.0,2.0,1.0,1.0,1.0,1.0,2.0,3.0,3.384615385,3.769230769,4.153846154,4.538461538,4.923076923,5.307692308,5.692307692,6.076923077,6.461538462,6.846153846,7.230769231,7.615384615,8.0,7.0,7.0,7.0,4.0,1.0,1.5,2.0,2.5,3.0,3.5,4.0,4.363636364,4.727272727,5.090909091,5.454545455,5.818181818,6.181818182,6.545454545,6.909090909,7.272727273,7.636363636,8.0,12.0,15.0,12.0,4.0,1.0,1.0,1.0,1.0,1.0,1.0,1.0,2.0,1.0,1.0,5.0,5.0,4.0,4.0,2.0,2.0,5.0
EPA005,2019-07-31 08:00:00,7.0,7.0,9.0,9.2,9.4,9.6,9.8,10.0,1.0,3.0,7.0,5.0,6.0,7.0,7.0,3.0,1.0,1.0,6.0,7.0,5.0,7.0,13.0,12.0,9.0,7.0,8.0,7.8,7.6,7.4,7.2,7.0,12.0,9.0,6.0,4.0,6.0,7.0,12.0,12.0,9.0,7.0,8.0,11.0,7.0,6.0,7.0,7.0,7.0,2.0,4.0,8.0,12.0,9.0,6.0,7.0,7.0,4.0,7.0,7.0,3.0,1.0,1.0,5.0,4.0,4.0,6.0,1.0,1.0,1.0,4.0,5.0
EPA006,2019-07-31 08:00:00,8.0,7.0,7.285714286,7.571428571,7.857142857,8.142857143,8.428571429,8.714285714,9.0,13.0,9.0,5.0,6.0,8.0,7.0,7.0,7.0,5.0,9.0,6.0,4.0,7.0,9.0,10.0,9.0,8.0,8.571428571,9.142857143,9.714285714,10.28571429,10.85714286,11.42857143,12.0,8.0,3.0,6.0,8.0,5.0,7.0,10.0,13.0,15.0,11.0,4.0,3.0,3.0,7.0,12.0,13.0,10.0,11.0,10.5,10.0,9.0,9.0,9.0,10.0,7.0,4.0,5.0,5.0,5.0,7.0,9.0,3.0,3.0,5.0,5.0,2.0,3.0,7.0,7.0
EPA007,2019-07-31 08:00:00,3.0,4.0,4.2,4.4,4.6,4.8,5.0,5.0,3.0,1.0,1.0,3.0,6.0,5.0,2.0,2.0,1.0,1.0,3.0,4.0,3.0,3.0,6.0,9.0,11.0,9.0,10.0,8.0,1.0,4.0,6.0,6.0,9.0,3.0,1.0,1.0,3.0,3.0,8.0,9.0,8.0,9.0,10.0,10.0,5.0,2.0,2.0,4.0,6.0,7.0,8.0,3.0,3.0,5.0,9.0,8.0,6.0,3.0,1.0,1.0,4.0,5.0,2.0,1.0,5.0,6.0,5.0,4.0,2.0,1.0,1.0,5.0
EPA008,2019-07-31 08:00:00,3.0,5.0,3.0,2.0,5.0,3.0,2.0,2.0,1.0,2.0,3.0,2.0,3.0,6.0,4.0,1.0,3.0,3.0,2.0,5.0,6.0,7.0,7.0,3.0,5.0,4.0,3.0,3.0,3.0,3.0,6.0,5.0,4.0,4.0,2.0,2.0,3.0,3.0,4.0,7.0,7.0,3.0,1.0,1.0,1.0,3.0,2.0,2.0,4.0,7.0,4.0,5.0,10.0,8.0,7.0,5.0,3.0,4.0,4.0,2.0,3.0,4.0,1.0,1.0,3.0,2.0,5.0,4.0,4.0,5.0,4.0,2.0
EPA009,2019-07-31 08:00:00,3.0,9.0,8.0,5.0,4.0,5.0,7.0,6.0,7.0,8.0,7.0,7.0,3.0,1.0,1.0,2.0,2.0,1.0,1.0,1.0,2.0,2.0,4.0,8.0,11.0,7.5,4.0,6.5,9.0,8.666666667,8.333333333,8.0,10.0,12.0,6.0,1.0,1.0,2.0,9.0,14.0,12.0,12.0,8.0,6.0,6.0,3.0,1.0,1.0,5.0,10.0,14.0,12.0,10.0,7.0,6.0,8.0,7.0,3.0,2.0,1.0,1.0,1.0,3.0,3.0,3.0,3.0,3.0,2.0,1.0,2.0,1.0,1.0
EPA010,2019-07-31 08:00:00,12.0,8.0,9.0,11.0,9.0,8.0,8.0,7.0,8.0,11.0,11.0,7.0,4.0,4.0,4.0,5.0,5.0,4.0,6.0,7.0,6.0,8.0,8.0,7.0,7.0,5.0,5.0,6.0,4.0,6.0,8.0,12.0,10.0,7.0,7.0,8.0,7.0,7.0,8.0,7.0,6.0,4.0,7.0,5.0,2.0,7.0,9.0,9.0,7.0,6.0,7.0,6.0,7.0,7.0,7.0,9.0,12.0,13.0,12.0,6.0,4.0,7.0,2.0,1.0,2.0,3.0,1.0,1.0,3.0,8.0,7.0,8.0
EPA011,2019-07-31 08:00:00,24.0,11.0,18.0,6.0,7.0,10.0,4.0,7.0,1.0,5.0,8.0,8.0,1.0,6.0,6.0,19.0,7.0,16.0,3.0,6.0,4.0,4.0,9.0,2.0,18.0,11.0,11.0,2.0,1.0,4.0,1.0,9.0,5.0,9.0,1.0,6.0,5.0,4.0,4.0,9.0,10.0,4.0,1.0,1.0,5.0,11.0,8.0,2.0,4.0,5.0,18.0,17.0,22.0,18.0,10.0,6.0,7.0,10.0,7.0,1.0,8.0,11.0,12.0,2.0,8.0,6.0,22.0,15.0,13.0,1.0,4.0,4.0
EPA012,2019-07-31 08:00:00,2.0,1.0,5.0,8.0,13.0,10.0,7.0,5.0,7.0,11.0,14.0,12.0,11.0,5.0,2.0,2.0,3.0,4.0,9.0,9.0,7.0,2.0,7.0,4.0,1.0,1.0,1.0,13.0,10.0,17.0,13.0,15.0,8.0,6.0,8.0,7.0,8.0,12.0,10.0,6.0,2.0,3.0,10.0,5.0,5.0,2.0,7.0,9.0,13.0,12.0,12.0,1.0,5.0,8.0,16.0,9.0,10.0,2.0,11.0,11.0,25.0,14.0,10.0,1.0,6.0,5.0,4.0,3.0,4.0,3.0,3.0,11.0
EPA013,2019-07-31 08:00:00,16.0,12.0,10.0,12.0,13.0,17.0,7.0,10.0,1.0,6.0,1.0,8.0,3.0,8.0,1.0,5.0,1.0,3.0,1.0,4.0,13.0,14.0,12.0,4.0,2.0,6.0,5.0,6.0,5.0,15.0,16.0,10.0,1.0,1.0,8.0,8.0,6.0,6.0,3.0,4.0,6.0,6.0,9.0,1.0,1.0,1.0,1.0,6.0,2.0,11.0,10.0,10.0,3.0,13.0,14.0,16.0,2.0,5.0,1.0,7.0,8.0,7.0,1.0,1.0,5.0,5.0,5.0,1.0,1.0,2.0,2.0,8.0
EPA014,2019-07-31 08:00:00,1.0,1.0,2.0,2.0,1.0,3.0,6.0,6.0,3.0,2.0,24.0,1.0,4.0,4.0,2.0,3.0,2.0,1.0,1.0,3.0,3.0,5.0,5.0,1.0,1.0,2.0,1.0,1.0,1.0,1.0,1.0,6.0,4.0,8.0,6.0,3.0,1.0,2.0,4.0,12.0,7.0,2.0,3.0,5.0,5.0,5.0,3.0,2.0,4.0,3.0,4.0,5.0,5.0,3.0,5.0,8.0,5.0,5.0,4.0,5.0,6.0,5.0,4.0,5.0,3.0,1.0,3.0,7.0,4.0,4.0,5.0,5.0
EPA015,2019-07-31 08:00:00,3.0,1.0,9.0,10.0,10.0,11.0,5.0,5.0,1.0,1.0,5.0,6.0,5.0,4.0,3.0,6.0,2.0,2.0,5.0,7.0,7.0,26.0,31.0,31.0,10.0,4.0,4.0,5.0,3.0,6.0,9.0,13.0,17.0,18.0,16.0,17.0,6.0,9.0,3.0,6.0,3.0,6.0,6.0,11.0,5.0,4.0,2.0,5.0,7.0,9.0,5.0,12.0,8.0,16.0,4.0,4.0,2.0,11.0,11.0,9.0,4.0,9.0,5.0,4.0,3.0,2.0,4.0,4.0,4.0,6.0,4.0,16.0
EPA017,2019-07-31 08:00:00,5.32,5.284444444,5.248888889,5.213333333,5.177777778,5.142222222,5.106666667,5.071111111,5.035555556,5.0,7.0,7.0,14.0,12.0,16.0,3.0,3.0,1.0,1.0,1.0,12.0,12.0,25.0,11.0,24.0,9.0,21.0,9.0,21.0,15.0,15.0,15.0,15.0,19.0,9.0,24.0,37.0,37.0,23.0,9.0,12.0,21.0,21.0,25.0,24.0,14.0,13.0,12.875,12.75,12.625,12.5,12.375,12.25,12.125,12.0,15.0,15.0,19.0,10.0,10.0,5.0,3.0,8.0,9.0,6.0,5.0,9.0,14.0,10.0,9.0,3.0,9.0
EPA018,2019-07-31 08:00:00,20.0,18.0,14.0,18.0,17.0,14.0,10.0,10.0,10.0,12.0,14.0,13.0,10.0,4.0,10.0,13.0,19.0,22.0,21.0,18.0,10.0,15.0,15.0,20.0,17.0,20.0,11.0,12.0,9.0,16.0,7.0,9.0,9.0,11.0,19.0,24.0,24.0,22.0,14.0,16.0,8.0,11.0,12.0,14.0,10.0,12.0,12.0,8.0,5.0,8.0,8.0,13.0,13.0,15.0,8.0,4.0,7.0,6.0,6.0,2.0,6.0,3.0,6.0,6.111111111,6.222222222,6.333333333,6.444444444,6.555555556,6.666666667,6.777777778,6.888888889,7.0
EPA019,2019-07-31 08:00:00,7.0,7.0,7.0,7.0,7.0,7.0,7.0,7.0,7.0,7.0,7.0,7.0,7.0,7.0,7.0,7.0,7.0,7.0,7.0,7.0,7.0,7.0,7.0,7.0,7.0,7.0,7.0,7.0,7.0,7.0,7.0,7.0,7.0,7.0,7.0,7.0,7.0,7.0,7.0,7.0,7.0,7.0,7.0,7.0,7.0,7.0,7.0,7.0,7.0,7.0,7.0,7.0,7.0,7.0,6.0,7.0,11.0,14.0,8.0,5.0,6.0,5.0,4.0,5.0,5.0,5.0,6.0,5.0,4.0,5.0,8.0,5.0
EPA020,2019-07-31 08:00:00,20.0,13.0,5.0,19.0,18.0,28.0,21.0,40.0,32.0,32.0,26.0,21.0,22.0,11.0,14.0,17.0,25.0,26.0,27.0,18.0,18.0,9.0,13.0,21.0,24.0,22.0,16.0,24.0,27.0,24.0,11.0,2.0,5.0,6.0,16.0,16.0,18.0,10.0,8.0,10.0,11.0,6.0,1.0,5.0,5.0,10.0,11.0,11.0,10.0,6.0,19.0,22.0,19.0,16.0,18.0,18.0,11.0,2.0,2.0,6.0,6.0,6.0,8.0,11.0,12.0,5.0,8.0,5.0,19.0,18.0,18.0,12.0
EPA021,2019-07-31 08:00:00,16.0,10.0,23.0,14.0,23.0,21.0,34.0,35.0,39.0,41.0,43.0,32.0,28.0,19.0,26.0,27.0,35.0,36.0,28.0,20.0,14.0,9.0,9.0,3.0,12.0,13.0,29.0,30.0,32.0,33.0,29.0,26.0,12.0,7.0,6.0,3.0,12.0,8.0,16.0,7.0,10.0,7.0,7.0,10.0,10.0,15.0,12.0,15.0,14.0,13.0,12.0,14.0,12.0,10.0,8.0,8.0,8.0,13.0,12.0,17.0,17.0,15.0,15.0,10.0,10.0,1.0,1.0,1.0,1.0,1.0,7.0,9.0
EPA022,2019-07-31 08:00:00,25.0,31.0,28.0,22.0,15.0,13.0,18.0,17.0,18.0,20.0,22.0,25.0,25.0,25.0,25.0,26.0,23.0,19.0,21.0,24.0,28.0,25.0,18.0,17.0,18.0,15.0,9.0,12.0,22.0,23.0,13.0,5.0,8.0,12.0,7.0,7.0,12.0,15.0,11.0,11.0,12.0,10.0,13.0,17.0,18.0,17.0,14.0,19.0,25.0,20.0,16.0,11.0,8.0,9.0,9.0,11.0,11.0,7.0,13.0,12.0,6.0,2.0,1.0,2.0,5.0,6.0,6.0,6.0,8.0,10.0,11.0,13.0
EPA023,2019-07-31 08:00:00,18.0,17.0,24.0,30.0,31.0,29.0,26.0,22.0,23.0,25.0,28.0,27.0,25.0,26.0,30.0,26.0,27.0,26.0,22.0,20.0,15.0,17.0,17.0,17.0,14.0,15.0,16.0,19.0,22.0,17.0,2.0,1.0,8.0,12.0,11.0,7.0,7.0,8.0,11.0,14.0,9.0,5.0,4.0,5.0,9.0,11.0,12.0,14.0,18.0,20.0,25.0,27.0,18.0,11.0,3.0,3.0,12.0,9.0,8.0,9.0,6.0,8.0,8.0,8.0,7.0,9.0,13.0,7.0,7.0,8.0,7.0,14.0
EPA024,2019-07-31 08:00:00,32.0,34.0,28.0,26.0,24.0,20.0,18.0,16.0,19.0,24.0,24.0,20.0,17.0,14.0,19.0,19.0,20.0,23.0,20.0,17.0,16.0,15.0,14.0,11.0,11.0,19.0,18.0,14.0,16.0,17.0,13.0,8.0,3.0,4.0,7.0,9.0,8.0,9.0,11.0,11.0,10.0,9.0,6.0,7.0,10.0,8.0,9.0,10.0,19.0,27.0,20.0,13.0,7.0,3.0,6.0,10.0,11.0,10.0,12.0,11.0,5.0,6.0,6.0,2.0,6.0,10.0,6.0,6.0,6.0,8.0,8.0,4.0
EPA025,2019-07-31 08:00:00,22.0,27.0,29.0,24.0,23.0,26.0,22.0,18.0,17.0,15.0,13.0,12.0,15.0,19.0,19.0,17.0,15.0,15.0,13.0,13.0,13.0,13.0,14.0,12.0,10.0,13.0,13.0,12.0,13.0,14.0,8.0,2.0,5.0,9.0,8.0,4.0,5.0,5.0,4.0,4.0,4.0,3.0,2.0,3.0,4.0,4.0,4.0,9.0,13.0,12.0,15.0,17.0,15.0,8.0,4.0,7.0,9.0,10.0,7.0,9.0,13.0,13.0,11.0,12.0,11.0,11.0,8.0,5.0,11.0,13.0,11.0,11.0
EPA026,2019-07-31 08:00:00,36.0,34.0,32.5,31.0,29.0,35.0,35.0,29.0,30.0,30.0,28.0,23.0,22.0,19.0,17.0,16.0,17.0,18.0,14.0,12.0,16.0,15.0,13.0,16.0,20.0,22.0,21.0,20.0,20.0,21.0,13.0,12.0,10.0,4.0,4.0,10.0,10.0,8.0,10.0,10.0,15.0,16.0,11.0,8.0,10.0,10.0,13.0,20.0,27.0,31.0,27.0,22.0,23.0,23.0,21.0,13.0,9.0,8.0,7.0,9.0,11.0,14.0,10.0,10.0,13.0,13.0,11.0,9.0,10.0,12.0,13.0,15.0
EPA027,2019-07-31 08:00:00,28.0,30.0,32.0,31.0,32.0,32.0,32.5,33.0,32.0,28.0,28.0,27.0,18.0,16.0,17.0,15.0,17.0,16.0,10.0,11.0,15.0,13.0,10.0,8.0,7.0,9.0,10.0,12.0,14.0,23.0,17.0,3.0,7.0,8.0,2.0,4.0,7.0,4.0,4.0,3.0,2.0,5.0,9.0,12.0,13.0,10.0,10.0,16.0,14.0,14.0,14.0,14.0,16.0,19.0,15.0,12.0,10.0,5.0,5.0,7.0,7.0,7.0,6.0,7.0,8.0,8.0,11.0,9.0,7.0,12.0,19.0,32.0
EPA028,2019-07-31 08:00:00,30.0,29.0,40.0,38.0,38.0,33.0,27.0,29.0,31.0,34.0,36.0,32.0,26.0,13.0,10.0,10.0,13.0,23.0,22.0,25.0,12.0,13.0,18.0,19.0,22.0,14.0,17.0,17.0,16.0,19.0,12.0,8.0,7.0,11.0,21.0,16.0,20.0,15.0,14.0,8.0,9.0,11.0,11.0,10.0,8.0,7.0,4.0,14.0,17.0,28.0,21.0,20.0,21.0,22.0,23.0,26.0,19.0,18.0,18.0,18.0,13.0,17.0,13.0,17.0,11.0,14.0,15.0,14.0,10.0,11.0,11.0,21.0
EPA029,2019-07-31 08:00:00,23.0,23.0,26.0,23.0,16.0,15.0,11.0,11.0,12.0,14.0,15.0,12.0,12.0,9.0,10.0,7.0,5.0,6.0,4.0,6.0,5.0,6.0,5.0,3.0,4.0,5.0,2.0,2.0,2.0,5.0,7.0,3.0,2.0,2.0,1.0,3.0,1.0,1.0,1.0,1.0,1.0,1.0,1.0,1.0,1.0,5.0,9.0,9.0,11.0,12.0,12.0,12.0,15.0,15.0,16.0,14.0,8.0,2.0,4.0,5.0,1.0,1.0,1.0,1.0,1.0,1.0,1.0,1.0,3.0,2.0,5.0,11.0
EPA030,2019-07-31 08:00:00,22.0,24.0,30.0,36.0,32.0,26.0,24.0,23.0,25.0,24.0,14.0,14.0,7.0,13.0,8.0,16.0,14.0,16.0,7.0,11.0,8.0,7.0,8.0,11.0,22.0,17.0,23.0,19.0,17.0,8.0,10.0,13.0,17.0,13.0,14.0,8.0,6.0,7.0,12.0,7.0,7.0,5.0,5.0,4.0,5.0,4.0,10.0,6.0,11.0,12.0,24.0,25.0,26.0,14.0,11.0,16.0,26.0,20.0,14.0,7.0,8.0,8.0,5.0,4.0,7.0,13.0,8.0,5.0,1.0,3.0,7.0,17.0
EPA031,2019-07-31 08:00:00,33.0,42.0,38.0,35.0,42.0,39.0,30.0,21.0,22.0,23.0,19.0,18.0,19.0,18.0,15.0,18.0,11.0,11.0,8.0,13.0,10.0,15.0,15.0,9.0,1.0,2.0,11.0,23.0,21.0,19.0,10.0,7.0,3.0,7.0,9.0,10.0,3.0,1.0,1.0,2.0,6.0,9.0,7.0,7.0,2.0,8.0,15.0,23.0,21.0,21.0,16.0,19.0,15.0,23.0,23.0,19.0,23.0,21.0,24.0,7.0,5.0,2.0,3.0,2.0,1.0,1.0,1.0,5.0,11.0,9.0,20.0,24.0
EPA032,2019-07-31 08:00:00,25.0,26.0,29.0,40.0,36.0,30.0,27.0,26.0,23.0,13.0,13.0,9.0,9.0,6.0,13.0,11.0,11.0,3.0,11.0,7.0,9.0,4.0,11.0,16.0,18.5,21.0,16.0,15.0,19.0,16.0,16.0,6.0,8.0,7.0,9.0,5.0,1.0,3.0,4.0,4.0,1.0,1.0,1.0,2.0,6.0,10.0,17.0,17.0,19.0,22.0,21.0,22.0,19.0,20.0,22.0,19.0,24.0,15.0,16.0,5.0,11.0,9.0,9.0,4.0,1.0,1.0,5.0,9.0,9.0,11.0,13.0,13.0
EPA033,2019-07-31 08:00:00,26.0,26.0,31.0,29.0,32.0,34.0,27.0,26.0,18.0,32.0,22.0,23.0,14.0,12.0,12.0,6.0,9.0,6.0,7.0,4.0,4.0,1.0,7.0,12.0,23.0,20.0,19.0,17.0,14.0,14.0,15.0,15.0,17.0,10.0,9.0,4.0,1.0,9.0,30.0,22.66666667,15.33333333,8.0,6.0,2.0,6.0,5.0,8.0,7.0,19.0,18.0,18.0,16.0,11.0,14.0,17.0,25.0,28.0,27.0,16.0,9.0,1.0,5.0,18.0,19.0,18.0,11.0,11.0,14.0,5.0,3.0,1.0,1.0
EPA034,2019-07-31 08:00:00,24.0,19.0,16.0,14.0,13.0,16.0,15.0,16.0,20.0,17.0,17.0,18.0,10.0,14.0,18.0,18.0,20.0,17.0,14.0,15.0,16.0,17.0,19.0,18.0,17.0,16.0,14.0,12.0,12.0,15.0,19.0,16.0,15.0,15.0,10.0,16.0,17.0,8.0,6.0,6.0,6.0,8.0,9.0,11.0,6.0,4.0,12.0,16.0,19.0,19.0,12.0,13.0,16.0,12.0,18.0,23.0,21.0,12.0,13.0,14.0,5.0,10.0,16.0,17.0,18.0,13.0,14.0,14.0,9.0,7.0,5.0,9.0
EPA035,2019-07-31 08:00:00,20.0,25.0,22.0,26.0,22.0,19.0,13.0,11.0,13.0,20.0,18.0,15.0,7.0,10.0,13.0,16.0,12.0,13.0,17.0,20.0,21.0,18.0,16.0,15.0,14.0,16.0,16.0,15.0,13.0,11.5,10.0,16.0,16.0,21.0,10.0,9.0,6.0,10.0,10.0,17.0,13.0,14.0,6.0,7.0,8.0,8.0,13.0,16.0,24.0,20.0,20.0,16.0,18.0,16.0,16.0,18.0,21.0,21.0,21.0,15.0,16.0,12.0,16.0,15.0,16.0,12.0,8.0,7.0,6.0,7.0,10.0,14.0
EPA036,2019-07-31 08:00:00,24.0,23.0,24.0,30.0,32.0,27.0,26.0,17.0,8.0,6.0,7.0,8.0,8.0,10.0,10.0,11.0,9.5,8.0,7.0,7.0,9.0,7.0,9.0,11.0,9.0,7.0,11.0,15.0,15.0,16.0,17.0,14.0,6.0,1.0,2.0,1.0,1.0,1.0,1.0,4.0,4.0,2.0,6.0,4.0,5.0,3.0,3.0,6.0,8.0,14.0,18.0,20.0,19.0,18.0,17.0,14.0,8.0,4.0,1.0,1.0,3.0,4.0,1.0,6.0,9.0,1.0,3.0,3.0,1.0,1.0,3.0,7.0
EPA037,2019-07-31 08:00:00,26.0,25.0,32.0,32.0,29.25,26.5,23.75,21.0,6.0,8.0,13.0,19.0,15.0,21.0,22.0,16.0,9.0,2.0,2.0,2.0,2.0,1.0,1.0,1.0,8.0,12.0,8.0,8.0,15.0,16.0,16.0,7.0,5.0,1.0,1.0,1.0,1.0,1.0,1.0,2.0,6.0,5.0,1.0,1.0,1.0,6.0,16.0,13.0,11.0,7.0,22.0,28.0,21.0,12.0,7.0,7.0,3.0,1.0,9.0,8.0,12.0,1.0,1.0,1.0,5.0,14.0,7.0,5.0,3.0,3.0,3.0,1.0
EPA038,2019-07-31 08:00:00,17.0,24.0,15.0,16.0,17.0,14.0,10.0,11.0,10.0,9.0,11.0,9.0,16.0,14.0,30.0,16.0,36.0,32.0,17.0,25.0,20.0,21.0,18.0,12.0,9.0,10.0,10.0,10.0,8.0,11.0,11.0,16.0,10.0,9.0,9.0,7.0,11.0,8.0,7.0,9.0,6.0,9.0,9.0,6.0,4.0,8.0,8.0,13.0,21.0,21.0,15.0,11.0,11.0,9.0,16.0,22.0,13.0,11.0,11.0,9.0,11.0,11.0,15.0,11.0,9.0,9.0,8.0,10.0,9.0,12.0,11.0,14.0
EPA039,2019-07-31 08:00:00,36.0,33.0,30.0,25.0,21.0,18.5,16.0,15.0,14.0,11.0,13.0,10.0,13.0,6.0,13.0,17.0,19.0,17.0,14.0,15.0,13.0,14.0,15.0,18.0,21.0,17.0,18.0,14.0,18.0,12.0,10.0,12.0,13.0,14.0,7.0,3.0,1.0,1.0,8.0,16.0,10.0,12.0,8.0,13.0,4.0,3.0,2.0,6.0,3.0,19.0,24.0,34.0,15.0,22.0,15.0,25.0,13.0,11.0,3.0,2.0,2.0,8.0,5.0,9.0,8.0,11.0,15.0,11.0,17.0,10.0,14.0,8.0
EPA040,2019-07-31 08:00:00,27.0,25.0,24.0,23.0,18.0,15.0,20.0,18.0,15.0,9.0,5.0,9.0,6.0,9.0,5.0,5.0,7.0,9.0,7.0,10.0,12.0,14.0,13.0,17.0,14.0,15.0,11.0,17.0,13.0,14.0,19.0,21.0,17.0,6.0,1.0,1.0,1.0,3.0,7.0,7.0,11.0,8.0,11.0,9.0,5.0,2.0,2.0,6.0,12.0,14.0,17.0,22.0,24.0,19.0,10.0,6.0,13.0,8.0,6.0,5.0,9.0,10.0,8.0,5.0,6.0,6.0,9.0,11.0,7.0,8.0,8.0,13.0
EPA041,2019-07-31 08:00:00,23.0,18.0,12.0,8.0,10.0,13.0,12.0,12.0,11.0,8.0,14.0,22.0,24.0,20.0,17.0,23.0,26.0,20.0,18.0,22.0,22.0,23.0,22.0,16.0,9.0,6.0,10.0,8.0,8.0,8.0,8.0,9.0,13.0,15.0,9.0,8.0,6.0,11.0,11.0,5.0,5.0,9.0,11.0,12.0,12.0,13.0,13.0,12.0,10.0,8.0,14.0,13.0,8.0,12.0,12.0,14.0,14.0,13.0,16.0,17.0,11.0,8.0,9.0,12.0,13.0,9.0,10.0,14.0,14.0,15.0,17.0,15.0
EPA042,2019-07-31 08:00:00,24.0,23.0,23.0,34.0,29.0,25.0,15.0,20.0,13.0,4.0,1.0,10.0,10.0,12.0,4.0,1.0,1.0,1.0,3.0,5.0,11.0,19.0,19.0,18.0,12.0,10.0,7.0,5.0,10.0,8.0,6.0,6.0,4.0,12.0,5.0,16.0,8.0,4.0,1.0,1.0,1.0,3.0,6.0,4.0,1.0,1.0,5.0,11.0,10.0,15.0,17.0,25.0,22.0,22.0,14.0,13.0,7.0,8.0,6.0,15.0,14.0,14.0,11.0,8.0,4.0,2.0,1.0,5.0,1.0,6.0,5.0,18.0
EPA043,2019-07-31 08:00:00,21.0,23.0,23.0,20.0,19.0,23.0,23.0,19.0,10.0,15.0,15.0,15.0,13.0,11.0,16.0,17.0,15.0,18.0,17.0,18.0,17.0,18.0,25.0,24.0,18.0,15.0,19.0,17.0,12.0,9.0,8.0,10.0,11.0,7.0,8.0,8.0,7.0,8.0,8.0,5.0,6.0,8.0,12.0,8.0,7.0,9.0,12.0,8.0,16.0,13.0,14.0,19.0,18.0,21.0,17.0,13.0,9.0,7.0,4.0,7.0,8.0,8.0,6.0,6.0,7.0,7.0,5.0,4.0,12.0,9.0,9.0,11.0
EPA044,2019-07-31 08:00:00,26.0,32.0,28.0,27.0,25.0,27.0,26.0,28.0,21.0,21.0,5.0,10.0,5.0,13.0,9.0,8.0,7.0,8.0,10.0,8.0,8.0,8.0,7.0,10.0,10.0,15.0,22.0,21.0,17.0,15.0,15.0,16.0,14.0,8.0,15.0,8.0,10.0,1.0,1.0,1.0,1.0,1.0,1.0,1.0,3.0,1.0,1.0,2.0,11.0,17.0,14.0,13.0,14.0,14.0,16.0,13.0,13.0,1.0,5.0,1.0,8.0,5.0,5.0,4.0,1.0,5.0,1.0,1.0,1.0,1.0,3.0,1.0
EPA045,2019-07-31 08:00:00,31.0,37.0,39.0,35.0,30.0,29.0,28.0,20.0,15.0,19.0,20.0,18.0,16.0,29.0,25.0,27.0,15.0,20.0,20.0,26.0,20.0,21.0,22.0,25.0,29.0,29.0,27.0,26.0,18.0,19.0,11.0,16.0,15.0,17.0,9.0,9.0,14.0,20.0,15.0,8.0,1.0,8.0,13.0,14.0,10.0,8.0,13.0,15.0,17.0,19.0,26.0,28.0,25.0,23.5,22.0,20.5,19.0,9.0,5.0,1.0,1.0,7.0,11.0,14.0,14.0,10.0,13.0,8.0,13.0,10.0,11.0,11.0
EPA046,2019-07-31 08:00:00,27.0,30.0,36.0,27.0,22.0,19.0,14.0,13.0,10.0,9.0,10.0,14.0,18.0,22.0,16.0,14.0,9.0,14.0,15.0,16.0,11.0,11.0,10.0,19.0,19.0,20.0,17.0,17.0,19.0,19.0,19.0,15.0,7.0,2.0,9.0,8.0,10.0,5.0,11.0,5.0,2.0,1.0,9.0,12.0,10.0,9.0,6.0,15.0,16.0,18.0,20.0,17.0,18.0,14.0,14.0,10.0,10.0,5.0,1.0,2.0,2.0,6.0,5.0,11.0,5.0,4.0,1.0,1.0,1.0,7.0,8.0,11.0
EPA047,2019-07-31 08:00:00,10.0,14.0,13.0,18.5,24.0,16.0,16.0,5.0,10.0,15.0,12.0,12.0,17.0,12.0,12.0,13.0,19.0,13.0,11.0,14.0,18.0,19.0,19.0,16.0,12.0,12.0,14.0,17.0,12.0,9.0,15.0,12.0,8.0,10.0,8.0,6.0,6.0,6.0,6.0,8.0,6.0,7.0,7.0,8.0,5.0,2.0,6.0,8.0,7.0,5.0,5.0,6.0,9.0,15.0,10.0,7.0,3.0,2.0,1.0,1.0,2.0,2.0,1.0,4.0,3.0,1.0,1.0,1.0,3.0,2.0,4.0,4.0
EPA048,2019-07-31 08:00:00,18.0,24.0,25.0,16.0,12.66666667,9.333333333,6.0,6.0,8.0,9.0,12.0,13.0,13.0,18.0,14.0,10.0,18.0,21.0,15.0,19.0,17.0,24.0,30.0,22.0,29.0,24.0,14.0,18.0,22.0,27.0,32.0,19.0,10.0,9.0,11.0,8.0,9.0,9.0,12.0,10.0,8.0,9.0,16.0,13.0,12.0,11.0,9.0,7.0,5.0,15.0,14.0,17.0,11.0,14.0,10.0,18.0,5.0,4.0,11.0,7.0,5.0,6.0,11.0,11.0,6.0,2.0,4.0,10.0,9.0,10.0,9.0,13.0
EPA049,2019-07-31 08:00:00,9.0,14.66666667,20.33333333,26.0,23.0,11.0,1.0,5.0,3.0,7.0,3.0,6.0,9.0,10.0,11.0,11.0,19.0,14.0,13.0,13.0,19.0,15.0,19.0,23.0,28.0,28.0,25.0,19.0,15.0,14.0,25.0,37.0,36.0,26.0,10.0,7.0,6.0,11.0,9.0,9.0,5.0,7.0,11.0,15.0,17.0,9.0,9.0,7.0,13.0,16.0,23.0,21.0,9.0,1.0,5.0,16.0,14.0,7.0,5.0,1.0,5.0,6.0,10.0,10.0,3.0,3.0,2.0,2.0,1.0,1.0,5.0,9.0
EPA050,2019-07-31 08:00:00,13.0,19.0,19.0,18.0,16.0,8.0,8.0,6.0,3.0,1.0,1.0,1.0,7.0,7.0,10.0,8.0,8.0,12.0,13.0,14.0,10.0,12.0,21.0,25.0,25.0,29.0,27.0,23.0,11.0,12.0,17.0,28.0,27.0,22.0,7.0,2.0,5.0,6.0,6.0,1.0,2.0,3.0,6.0,6.0,5.0,6.0,1.0,10.0,2.0,6.0,1.0,10.0,14.0,13.0,7.0,1.0,1.0,2.0,6.0,7.0,2.0,1.0,5.0,3.0,1.0,1.0,1.0,10.0,6.0,6.0,1.0,1.0
EPA051,2019-07-31 08:00:00,13.0,9.0,15.0,15.5,16.0,12.0,13.0,12.0,11.0,8.0,4.0,11.0,15.0,14.0,13.0,13.0,13.0,13.0,13.0,13.0,14.0,14.0,18.0,21.0,25.0,20.0,15.0,19.0,19.0,17.0,17.0,20.0,21.0,13.0,11.0,13.0,10.0,10.0,10.0,12.0,14.0,11.0,9.0,10.0,11.0,11.0,10.0,9.0,9.0,12.0,14.5,17.0,24.0,22.0,13.0,12.0,14.0,17.0,13.0,12.0,11.0,8.0,5.0,3.0,5.0,10.0,12.0,10.0,13.0,14.0,13.0,8.0
EPA052,2019-07-31 08:00:00,18.0,13.0,12.0,6.0,5.0,3.0,3.0,7.0,11.0,8.0,6.0,6.0,4.0,5.0,5.0,15.0,11.0,13.0,13.0,13.0,15.0,21.0,21.0,24.0,24.0,20.0,17.0,37.0,35.0,31.0,33.0,23.0,16.0,12.0,10.0,10.0,9.0,10.0,6.0,9.0,14.0,12.0,11.0,10.0,11.0,11.0,10.0,10.0,10.0,9.0,14.0,8.0,16.5,25.0,11.0,11.0,11.0,10.0,12.0,14.0,14.0,10.0,10.0,14.0,11.0,11.0,15.0,13.0,10.0,10.0,8.0,7.0
EPA053,2019-07-31 08:00:00,27.0,28.0,32.0,31.0,20.0,18.0,14.0,16.0,12.0,10.0,12.0,11.0,14.0,11.0,18.0,17.0,22.0,14.0,17.0,10.0,15.0,20.0,23.0,30.0,23.0,27.0,22.5,18.0,14.0,25.0,31.0,26.83333333,22.66666667,18.5,14.33333333,10.16666667,6.0,15.0,14.0,11.0,3.0,6.0,7.0,12.0,7.0,11.0,8.0,11.0,9.0,10.0,12.0,15.0,10.0,11.0,9.0,5.0,8.0,11.0,6.0,1.0,2.0,5.0,11.0,6.0,11.0,9.0,11.0,2.0,1.0,1.0,2.0,10.0
EPA054,2019-07-31 08:00:00,16.0,21.0,27.0,21.0,13.0,10.0,5.0,3.0,6.0,6.0,12.0,7.0,11.0,4.0,10.0,9.0,11.0,10.0,7.0,14.0,8.0,11.0,5.0,14.0,17.0,16.0,14.0,6.0,10.0,8.0,15.0,21.0,19.0,16.0,9.0,11.0,12.0,14.0,9.0,6.0,1.0,1.0,1.0,1.0,1.0,5.0,7.0,10.0,8.0,15.0,19.0,18.0,15.0,11.0,5.0,3.0,1.0,5.0,10.0,4.0,3.0,1.0,1.0,1.0,3.0,2.0,1.0,4.0,5.0,7.0,1.0,3.0
EPA056,2019-07-31 08:00:00,20.0,21.5,23.0,12.0,11.0,9.0,14.0,10.0,7.0,1.0,1.0,1.0,14.0,18.0,12.0,11.0,14.0,14.0,10.0,7.0,15.0,12.0,19.0,20.0,25.0,20.0,23.0,21.0,31.0,27.0,41.0,38.0,36.0,19.0,15.0,10.0,14.0,7.0,8.0,4.0,10.0,8.0,7.0,4.0,9.0,10.0,10.0,12.0,20.0,16.0,12.0,8.0,6.0,3.0,3.0,11.0,12.0,12.0,7.0,1.0,4.0,1.0,4.0,3.0,6.0,1.0,1.0,1.0,1.0,1.0,2.0,8.0
EPA057,2019-07-31 08:00:00,17.0,22.5,28.0,14.0,7.0,12.0,8.0,11.0,6.0,4.0,6.0,16.0,9.0,8.0,2.0,13.0,11.0,9.0,13.0,3.0,6.0,12.0,20.0,24.0,25.0,14.0,13.0,18.0,18.0,27.0,31.0,31.0,10.0,15.0,11.0,13.0,10.0,7.0,2.0,3.0,7.0,3.0,1.0,3.0,6.0,8.0,8.0,7.0,6.0,12.0,16.0,11.0,11.0,17.0,2.0,4.0,8.0,7.0,4.0,6.0,7.0,4.0,6.0,9.0,4.0,2.0,3.0,2.0,2.0,3.0,2.0,4.0
EPA058,2019-07-31 08:00:00,16.0,15.0,16.0,1.0,3.0,5.0,7.0,7.0,1.0,6.0,3.0,3.0,9.0,1.0,7.0,6.0,11.0,6.0,7.0,3.0,5.0,18.0,18.0,22.0,19.0,19.0,19.0,14.0,17.0,22.0,26.0,19.0,10.0,11.0,10.0,6.0,3.0,8.0,7.0,19.0,2.0,4.0,6.0,7.0,5.0,4.0,5.0,4.0,9.0,7.0,12.0,15.0,11.0,4.0,5.0,5.0,7.0,1.0,6.0,7.0,1.0,9.0,7.0,7.0,7.0,4.0,10.0,3.0,5.0,1.0,3.0,5.0
EPA059,2019-07-31 08:00:00,24.0,16.0,25.0,22.0,26.0,21.0,17.0,16.0,8.0,10.0,8.0,13.0,11.0,12.0,12.0,15.0,16.0,15.0,15.0,17.0,21.0,19.0,22.0,25.0,28.0,28.0,36.0,31.0,31.0,16.0,20.0,13.5,7.0,12.0,7.0,13.0,8.0,3.0,3.0,1.0,5.0,5.0,9.0,8.0,7.0,10.0,9.0,12.0,9.0,11.0,8.0,11.0,11.0,11.0,16.0,9.0,19.0,9.0,13.0,2.0,4.0,4.0,7.0,5.0,1.0,1.0,2.0,1.0,9.0,3.0,8.0,1.0
EPA060,2019-07-31 08:00:00,25.0,23.0,18.0,15.0,13.0,20.0,29.0,24.66666667,20.33333333,16.0,11.0,14.0,10.0,17.0,11.0,14.0,14.0,17.0,13.0,11.0,6.0,12.0,13.0,16.0,22.0,21.0,20.0,19.0,22.0,26.0,26.0,23.0,20.0,26.0,14.0,9.0,3.0,6.0,3.0,7.0,8.0,12.0,8.0,4.0,8.0,7.0,11.0,14.0,16.0,15.0,8.0,19.0,17.0,20.0,9.0,9.0,4.0,8.0,5.0,8.0,5.0,8.0,9.0,9.0,10.0,9.0,10.0,8.0,13.0,10.0,11.0,10.0
EPA061,2019-07-31 08:00:00,5.0,6.0,5.0,5.0,5.0,4.0,4.0,6.0,7.0,7.0,7.0,7.0,6.0,4.0,4.0,2.0,4.0,4.0,2.0,2.0,2.0,4.0,3.0,3.0,2.0,3.0,5.0,3.0,3.0,4.0,5.0,7.0,7.0,6.0,5.0,5.0,4.0,1.0,1.0,2.0,4.0,5.0,4.0,4.0,5.0,5.0,5.0,7.0,6.0,7.0,7.0,5.0,5.0,5.0,5.0,5.0,4.5,4.0,4.0,4.0,5.0,6.0,5.0,2.0,3.0,4.0,6.0,6.0,4.0,2.0,4.0,6.0
EPA062,2019-07-31 08:00:00,6.0,4.0,2.0,1.0,2.0,8.0,8.0,3.0,4.0,2.0,2.0,6.0,4.0,3.0,4.0,3.0,4.0,4.0,2.0,2.0,5.0,8.0,6.0,2.0,3.0,3.0,2.0,3.0,5.0,3.0,2.0,3.0,6.0,6.0,3.0,5.0,2.0,1.0,3.0,2.0,2.0,3.0,3.0,6.0,5.0,4.0,4.0,3.0,2.0,1.0,4.0,6.0,1.0,2.0,4.0,2.0,3.0,7.0,5.0,6.0,7.0,8.0,10.0,4.0,1.0,3.0,4.0,6.0,5.0,3.0,5.0,9.0
EPA063,2019-07-31 08:00:00,5.0,1.0,1.0,1.0,3.0,2.0,1.0,1.0,4.0,1.0,1.0,1.0,3.0,5.0,5.0,6.0,8.0,8.0,6.0,3.0,6.0,10.0,7.0,4.0,7.0,5.0,5.0,6.0,1.0,1.0,1.0,1.0,1.0,4.0,6.0,4.0,4.0,4.0,8.0,11.0,10.0,11.0,10.0,8.0,5.0,4.0,6.0,11.0,11.5,12.0,4.0,1.0,1.0,2.0,8.0,8.0,4.0,5.0,4.0,4.0,8.0,7.0,5.0,4.0,5.0,7.0,6.0,5.0,8.0,11.0,10.0,8.0
EPA064,2019-07-31 08:00:00,2.0,2.0,3.0,3.0,1.0,2.0,3.0,1.0,1.0,1.0,3.0,2.0,2.0,3.0,1.0,1.0,1.0,2.0,2.0,1.0,2.0,5.0,4.0,2.0,4.0,3.0,1.0,4.0,1.0,1.0,3.0,2.0,1.0,1.0,2.0,3.0,2.0,2.0,1.0,2.0,2.0,1.0,1.0,1.0,2.0,4.0,3.0,3.0,7.0,6.0,4.0,2.0,2.0,3.0,3.0,3.0,2.0,1.0,4.0,1.0,2.0,1.0,1.0,1.0,1.0,2.0,1.0,1.0,3.0,4.0,4.0,3.0
EPA065,2019-07-31 08:00:00,5.0,5.0,5.0,5.0,5.0,4.0,5.0,5.0,3.0,5.0,6.0,7.0,5.0,5.0,5.0,5.0,5.0,5.0,8.0,8.0,7.0,6.0,9.0,10.0,9.0,5.0,5.0,8.0,7.0,6.5,6.0,2.0,1.0,4.0,3.0,2.0,5.0,7.0,5.0,4.0,5.0,2.0,5.0,6.0,5.0,8.0,9.0,7.0,6.0,5.0,7.0,5.0,5.0,8.0,8.0,9.0,6.0,5.0,8.0,4.0,2.0,3.0,1.0,4.0,3.0,1.0,3.0,3.0,2.0,5.0,8.0,6.0
EPA066,2019-07-31 08:00:00,21.0,14.0,10.0,13.0,16.0,13.0,7.0,7.0,9.0,4.0,1.0,6.0,14.0,12.0,2.0,3.0,11.0,11.0,5.0,6.0,14.0,12.0,6.0,11.0,14.0,14.33333333,14.66666667,15.0,25.0,21.0,15.0,6.0,1.0,1.0,6.0,5.0,5.0,11.0,12.0,8.0,8.0,7.0,9.0,11.0,11.0,11.0,10.0,12.0,18.0,25.0,24.0,14.0,15.0,17.0,14.0,12.0,7.0,4.0,1.0,7.0,11.0,6.0,6.0,3.0,10.0,11.0,3.0,6.0,9.0,6.0,12.0,16.0
EPA067,2019-07-31 08:00:00,5.0,2.0,3.0,3.0,3.0,3.0,9.0,16.0,12.0,10.0,1.0,1.0,1.0,1.0,1.0,5.0,6.0,6.0,4.0,4.0,8.0,8.0,9.0,10.0,10.0,14.0,14.0,10.0,8.0,8.0,7.5,7.0,10.0,2.0,4.0,4.0,8.0,5.0,5.0,13.0,11.0,10.0,3.0,4.0,4.0,8.0,12.0,7.0,5.0,11.0,11.0,12.0,5.0,10.0,10.0,9.0,4.0,5.0,2.0,5.0,3.0,1.0,4.0,2.0,4.0,1.0,10.0,8.0,8.0,1.0,4.0,2.0
EPA068,2019-07-31 08:00:00,32.0,25.0,24.0,23.0,22.0,21.5,21.0,28.0,15.0,12.0,1.0,1.0,6.0,10.0,14.0,23.0,30.0,37.0,32.0,24.0,24.0,20.0,29.0,22.0,28.0,22.0,22.0,20.0,23.0,25.0,25.0,17.0,17.0,8.0,24.0,30.0,37.0,20.0,14.0,13.0,15.0,15.0,18.0,20.0,12.0,9.0,11.0,19.0,20.0,19.0,20.0,24.0,28.0,20.5,13.0,17.0,14.0,21.0,10.0,17.0,13.0,14.0,8.0,17.0,15.0,15.0,6.0,8.0,13.0,12.0,6.0,3.0
EPA069,2019-07-31 08:00:00,21.0,21.0,25.0,28.0,34.0,40.0,31.0,19.0,12.0,5.0,10.0,12.0,10.0,9.0,11.0,16.0,14.0,16.0,13.0,12.0,11.0,13.0,17.0,16.0,12.0,10.0,6.0,11.0,18.0,17.0,13.0,5.0,4.0,5.0,3.0,1.0,1.0,4.0,3.0,1.0,1.0,3.0,3.0,5.0,3.0,6.0,10.0,5.0,5.0,12.5,20.0,21.0,20.0,21.0,13.0,1.0,1.0,7.0,13.0,12.0,7.0,4.0,4.0,7.0,6.0,2.0,5.0,5.0,4.0,6.0,9.0,10.0
EPA070,2019-07-31 08:00:00,22.0,3.0,3.0,6.0,5.0,3.0,2.0,5.0,4.0,5.0,7.0,4.0,3.0,4.0,5.0,3.0,1.0,5.0,4.0,2.0,2.0,5.0,8.0,12.0,9.0,7.0,6.0,4.0,5.0,5.0,5.0,5.0,6.0,4.0,4.0,6.0,7.0,6.0,5.0,7.0,6.0,6.0,5.0,3.0,4.0,5.0,5.0,7.0,7.0,7.0,8.0,11.0,11.0,8.0,7.0,7.0,7.0,7.0,5.0,5.0,2.0,1.0,3.0,5.0,6.0,5.0,3.0,6.0,7.0,5.0,3.0,4.0
EPA071,2019-07-31 08:00:00,20.0,19.0,14.0,11.0,6.0,8.0,8.0,5.0,6.0,5.0,1.0,4.0,8.0,9.0,10.0,6.0,7.0,10.0,10.0,6.0,6.0,11.0,15.0,22.0,22.0,17.0,15.0,14.0,14.0,15.0,20.0,25.0,24.0,19.0,15.0,13.0,10.0,3.0,2.0,4.0,3.0,2.0,2.0,4.0,4.0,6.0,7.0,7.0,10.0,14.0,17.0,13.0,9.0,10.0,6.0,2.0,5.0,6.0,7.0,5.0,4.0,8.0,8.0,6.0,4.0,4.0,5.0,3.0,2.0,3.0,4.0,4.0
EPA072,2019-07-31 08:00:00,14.0,15.0,19.0,22.0,23.5,25.0,29.0,36.0,29.0,18.0,20.0,21.0,19.0,18.0,14.0,12.0,13.0,17.0,18.0,17.0,17.0,18.0,21.0,23.0,21.0,16.0,13.0,16.0,20.0,20.0,18.0,15.0,12.0,9.0,8.0,7.0,7.0,9.0,13.0,13.0,9.0,10.0,10.0,7.0,6.0,8.0,7.0,9.0,13.0,12.0,11.0,10.0,13.0,18.0,19.0,18.0,13.0,9.0,10.0,11.0,13.0,12.0,7.0,5.0,8.0,9.0,8.0,7.0,7.0,10.0,8.0,5.0
EPA075,2019-07-31 08:00:00,6.0,7.0,8.0,9.0,6.0,5.0,4.0,3.0,7.0,8.0,7.0,8.0,6.0,5.0,9.0,8.0,8.0,7.0,5.0,6.0,3.0,2.0,3.0,5.0,6.0,7.0,6.0,3.0,3.0,7.0,8.0,6.0,7.0,6.0,3.0,3.0,3.0,5.0,7.0,7.0,6.0,2.0,1.0,2.0,5.0,3.0,5.0,6.0,8.0,7.0,5.0,8.0,9.0,4.0,2.0,3.0,7.0,11.0,7.0,4.0,5.0,6.0,4.0,2.0,3.0,3.0,3.0,5.0,5.0,6.0,10.0,11.0
EPA077,2019-07-31 08:00:00,25.0,27.0,23.0,22.0,19.0,15.0,14.0,16.0,15.0,15.0,18.0,14.0,9.0,8.0,4.0,5.0,8.0,9.0,10.0,11.0,6.0,6.0,6.0,8.0,10.0,10.0,8.0,6.0,8.0,10.0,11.5,13.0,16.0,8.0,4.0,3.0,4.0,6.0,9.0,8.0,6.0,5.0,3.0,3.0,7.0,7.0,6.0,8.0,9.0,9.0,9.0,8.0,10.0,13.0,15.0,20.0,17.0,14.0,11.0,8.0,5.0,8.0,11.0,10.0,12.0,13.0,12.0,11.0,14.0,16.0,17.0,14.0
EPA078,2019-07-31 08:00:00,9.0,9.0,6.0,9.5,13.0,16.0,10.0,3.0,4.0,2.0,1.0,5.0,7.0,1.0,1.0,1.0,1.0,1.0,4.0,1.0,1.0,6.0,4.0,1.0,2.0,2.0,3.0,1.0,2.0,4.0,1.0,4.0,5.0,4.0,7.0,9.0,8.0,5.0,4.0,3.0,2.0,1.0,1.0,1.0,3.0,5.0,4.0,4.0,4.0,5.0,7.0,5.0,6.0,9.0,9.0,8.0,6.0,6.0,9.0,12.0,13.0,14.0,7.0,1.0,1.0,1.0,1.0,1.0,1.0,1.0,2.0,3.0
EPA080,2019-07-31 08:00:00,5.0,7.0,7.0,7.0,5.0,6.0,4.0,3.0,9.0,10.0,6.0,6.0,6.0,4.0,4.0,4.0,3.0,4.0,5.0,5.0,7.0,7.0,7.0,7.0,7.0,7.0,6.0,4.0,3.0,3.0,3.0,3.0,3.0,6.0,5.0,4.0,3.0,3.0,3.0,4.0,3.0,3.0,3.0,3.0,5.0,6.0,3.0,7.0,6.0,3.0,7.0,7.0,5.0,4.0,6.0,3.0,3.0,4.0,7.0,5.0,3.0,3.0,3.0,3.0,3.0,3.0,3.0,3.0,3.0,4.0,3.0,3.0
